term_str,n,p,i,n_chars,max_pos_group,max_pos,stop,porter_stem,df,idf,dfidf,anger,anticipation,disgust,fear,joy,negative,positive,sadness,surprise,trust,sentiment
abandoned,1,1.0700909577314071e-05,16.511907043519884,9,VB,VBN,0,abandon,1.0,3.4594316186372973,3.4594316186372973,1,0,0,1,0,1,0,1,0,0,-1
accidental,3,3.2102728731942213e-05,14.926944542798728,10,JJ,JJ,0,accident,1.0,3.4594316186372973,3.4594316186372973,0,0,0,1,0,1,0,0,1,0,-1
ache,2,2.1401819154628142e-05,15.511907043519884,4,NN,NN,0,ach,1.0,3.4594316186372973,3.4594316186372973,0,0,0,0,0,1,0,1,0,0,-1
achieve,2,2.1401819154628142e-05,15.511907043519884,7,VB,VB,0,achiev,1.0,3.4594316186372973,3.4594316186372973,0,0,0,0,1,0,1,0,0,1,1
acrobat,3,3.2102728731942213e-05,14.926944542798728,7,NN,NN,0,acrobat,1.0,3.4594316186372973,3.4594316186372973,0,0,0,1,1,0,1,0,0,1,1
adore,1,1.0700909577314071e-05,16.511907043519884,5,VB,VB,0,ador,1.0,3.4594316186372973,3.4594316186372973,0,1,0,0,1,0,1,0,0,1,1
adrift,1,1.0700909577314071e-05,16.511907043519884,6,NN,NN,0,adrift,1.0,3.4594316186372973,3.4594316186372973,0,1,0,1,0,1,0,1,0,0,-1
advance,1,1.0700909577314071e-05,16.511907043519884,7,NN,NN,0,advanc,1.0,3.4594316186372973,3.4594316186372973,0,1,0,1,1,0,1,0,1,0,1
affection,1,1.0700909577314071e-05,16.511907043519884,9,NN,NN,0,affect,1.0,3.4594316186372973,3.4594316186372973,0,0,0,0,1,0,1,0,0,1,1
afraid,16,0.000171214553237,12.511907043519884,6,JJ,JJ,0,afraid,5.0,1.1375035237499351,5.687517618749675,0,0,0,1,0,1,0,0,0,0,-1
aggression,1,1.0700909577314071e-05,16.511907043519884,10,NN,NN,0,aggress,1.0,3.4594316186372973,3.4594316186372973,1,0,0,1,0,1,0,0,0,0,-1
alien,1,1.0700909577314071e-05,16.511907043519884,5,NN,NNP,0,alien,1.0,3.4594316186372973,3.4594316186372973,0,0,1,1,0,1,0,0,0,0,-1
alive,5,5.350454788657036e-05,14.18997894863252,5,JJ,JJ,0,aliv,1.0,3.4594316186372973,3.4594316186372973,0,1,0,0,1,0,1,0,0,1,1
angel,11,0.0001177100053504,13.052475424882584,5,NN,NN,0,angel,3.0,1.874469117916141,5.623407353748423,0,1,0,0,1,0,1,0,1,1,1
angry,1,1.0700909577314071e-05,16.511907043519884,5,JJ,JJ,0,angri,1.0,3.4594316186372973,3.4594316186372973,1,0,1,0,0,1,0,0,0,0,-1
anxious,2,2.1401819154628142e-05,15.511907043519884,7,JJ,JJ,0,anxiou,2.0,2.4594316186372973,4.918863237274595,0,1,0,1,0,1,0,0,0,0,-1
apologize,6,6.420545746388443e-05,13.926944542798728,9,VB,VB,0,apolog,1.0,3.4594316186372973,3.4594316186372973,0,0,0,0,0,0,1,1,0,1,1
argue,1,1.0700909577314071e-05,16.511907043519884,5,NN,NN,0,argu,1.0,3.4594316186372973,3.4594316186372973,1,0,0,0,0,1,0,0,0,0,-1
argument,1,1.0700909577314071e-05,16.511907043519884,8,NN,NN,0,argument,1.0,3.4594316186372973,3.4594316186372973,1,0,0,0,0,1,0,0,0,0,-1
art,2,2.1401819154628142e-05,15.511907043519884,3,NN,NN,0,art,1.0,3.4594316186372973,3.4594316186372973,0,1,0,0,1,0,1,1,1,0,1
ashamed,1,1.0700909577314071e-05,16.511907043519884,7,VB,VBN,0,asham,1.0,3.4594316186372973,3.4594316186372973,0,0,1,0,0,1,0,1,0,0,-1
ashes,4,4.2803638309256285e-05,14.511907043519884,5,NN,NNS,0,ash,1.0,3.4594316186372973,3.4594316186372973,0,0,0,0,0,1,0,1,0,0,-1
asshole,1,1.0700909577314071e-05,16.511907043519884,7,JJ,JJ,0,asshol,1.0,3.4594316186372973,3.4594316186372973,1,0,1,0,0,1,0,0,0,0,-1
attack,1,1.0700909577314071e-05,16.511907043519884,6,VB,VB,0,attack,1.0,3.4594316186372973,3.4594316186372973,1,0,0,1,0,1,0,0,0,0,-1
authentic,1,1.0700909577314071e-05,16.511907043519884,9,JJ,JJ,0,authent,1.0,3.4594316186372973,3.4594316186372973,0,0,0,0,1,0,1,0,0,1,1
awful,1,1.0700909577314071e-05,16.511907043519884,5,JJ,JJ,0,aw,1.0,3.4594316186372973,3.4594316186372973,1,0,1,1,0,1,0,1,0,0,-1
baby,368,0.0039379347244515,7.98834508746287,4,NN,NN,0,babi,5.0,1.1375035237499351,5.687517618749675,0,0,0,0,1,0,1,0,0,0,1
backbone,4,4.2803638309256285e-05,14.511907043519884,8,NN,NN,0,backbon,1.0,3.4594316186372973,3.4594316186372973,1,0,0,0,0,0,1,0,0,1,1
bad,66,0.0007062600321027,10.46751292416143,3,JJ,JJ,0,bad,7.0,0.6520766965796931,4.564536876057852,1,0,1,1,0,1,0,1,0,0,-1
badly,1,1.0700909577314071e-05,16.511907043519884,5,RB,RB,0,badli,1.0,3.4594316186372973,3.4594316186372973,0,0,0,0,0,1,0,1,0,0,-1
bait,1,1.0700909577314071e-05,16.511907043519884,4,NN,NN,0,bait,1.0,3.4594316186372973,3.4594316186372973,0,0,0,1,0,1,0,0,0,1,-1
bang,2,2.1401819154628142e-05,15.511907043519884,4,NN,NNP,0,bang,1.0,3.4594316186372973,3.4594316186372973,1,0,1,1,0,1,0,1,1,0,-1
bargain,1,1.0700909577314071e-05,16.511907043519884,7,NN,NNP,0,bargain,1.0,3.4594316186372973,3.4594316186372973,0,0,0,0,0,0,1,0,0,1,1
bark,1,1.0700909577314071e-05,16.511907043519884,4,VB,VB,0,bark,1.0,3.4594316186372973,3.4594316186372973,1,0,0,0,0,1,0,0,0,0,-1
barren,2,2.1401819154628142e-05,15.511907043519884,6,NN,NNS,0,barren,1.0,3.4594316186372973,3.4594316186372973,0,0,0,0,0,1,0,1,0,0,-1
battered,3,3.2102728731942213e-05,14.926944542798728,8,JJ,JJ,0,batter,1.0,3.4594316186372973,3.4594316186372973,0,0,0,1,0,1,0,1,0,0,-1
battle,9,9.630818619582663e-05,13.34198204207757,6,NN,NN,0,battl,5.0,1.1375035237499351,5.687517618749675,1,0,0,0,0,1,0,0,0,0,-1
bear,3,3.2102728731942213e-05,14.926944542798728,4,VB,VB,0,bear,2.0,2.4594316186372973,4.918863237274595,1,0,0,1,0,0,0,0,0,0,0
beating,1,1.0700909577314071e-05,16.511907043519884,7,NN,NN,0,beat,1.0,3.4594316186372973,3.4594316186372973,1,0,0,1,0,1,0,1,0,0,-1
beautiful,13,0.000139111824505,12.811467325378793,9,NN,JJ,0,beauti,4.0,1.459431618637297,5.837726474549189,0,0,0,0,1,0,1,0,0,0,1
beauty,3,3.2102728731942213e-05,14.926944542798728,6,NN,NN,0,beauti,2.0,2.4594316186372973,4.918863237274595,0,0,0,0,1,0,1,0,0,0,1
beg,19,0.0002033172819689,12.263979530076297,3,VB,VBP,0,beg,2.0,2.4594316186372973,4.918863237274595,0,0,0,0,0,1,0,1,0,0,-1
belt,1,1.0700909577314071e-05,16.511907043519884,4,NN,NN,0,belt,1.0,3.4594316186372973,3.4594316186372973,1,0,0,1,0,1,0,0,0,0,-1
bitch,3,3.2102728731942213e-05,14.926944542798728,5,NN,NN,0,bitch,2.0,2.4594316186372973,4.918863237274595,1,0,1,1,0,1,0,1,0,0,-1
bitterness,2,2.1401819154628142e-05,15.511907043519884,10,NN,NN,0,bitter,1.0,3.4594316186372973,3.4594316186372973,1,0,1,0,0,1,0,1,0,0,-1
black,23,0.0002461209202782,11.98834508746287,5,JJ,JJ,0,black,6.0,0.874469117916141,5.246814707496846,0,0,0,0,0,1,0,1,0,0,-1
blame,11,0.0001177100053504,13.052475424882584,5,VB,VBP,0,blame,4.0,1.459431618637297,5.837726474549189,1,0,1,0,0,1,0,0,0,0,-1
blaze,1,1.0700909577314071e-05,16.511907043519884,5,NN,NN,0,blaze,1.0,3.4594316186372973,3.4594316186372973,1,0,0,0,0,1,0,0,0,0,-1
bless,3,3.2102728731942213e-05,14.926944542798728,5,IN,IN,0,bless,1.0,3.4594316186372973,3.4594316186372973,0,1,0,0,1,0,1,0,0,1,1
blessed,1,1.0700909577314071e-05,16.511907043519884,7,VB,VBN,0,bless,1.0,3.4594316186372973,3.4594316186372973,0,0,0,0,1,0,1,0,0,0,1
blessings,1,1.0700909577314071e-05,16.511907043519884,9,NN,NNS,0,bless,1.0,3.4594316186372973,3.4594316186372973,0,1,0,0,1,0,1,0,1,1,1
blues,9,9.630818619582663e-05,13.34198204207757,5,NN,NNS,0,blue,3.0,1.874469117916141,5.623407353748423,0,0,0,1,0,1,0,1,0,0,-1
bomb,1,1.0700909577314071e-05,16.511907043519884,4,NN,NN,0,bomb,1.0,3.4594316186372973,3.4594316186372973,1,0,0,1,0,1,0,1,1,0,-1
boredom,1,1.0700909577314071e-05,16.511907043519884,7,NN,NN,0,boredom,1.0,3.4594316186372973,3.4594316186372973,0,0,0,0,0,1,0,1,0,0,-1
bottom,4,4.2803638309256285e-05,14.511907043519884,6,NN,NN,0,bottom,2.0,2.4594316186372973,4.918863237274595,0,0,0,0,0,1,0,1,0,0,-1
bounty,1,1.0700909577314071e-05,16.511907043519884,6,NN,NN,0,bounti,1.0,3.4594316186372973,3.4594316186372973,0,1,0,0,1,0,1,0,0,1,1
bout,65,0.0006955591225254,10.489539230491427,4,IN,IN,0,bout,5.0,1.1375035237499351,5.687517618749675,1,0,0,0,0,1,0,0,0,0,-1
boy,121,0.001294810058855,9.593043806245287,3,NN,NN,0,boy,8.0,0.4594316186372972,3.675452949098378,0,0,1,0,0,1,0,0,0,0,-1
bride,5,5.350454788657036e-05,14.18997894863252,5,NN,NN,0,bride,1.0,3.4594316186372973,3.4594316186372973,0,1,0,0,1,0,1,0,0,1,1
broke,16,0.000171214553237,12.511907043519884,5,VB,VBD,0,broke,5.0,1.1375035237499351,5.687517618749675,0,0,0,1,0,1,0,1,0,0,-1
broken,12,0.0001284109149277,12.926944542798728,6,JJ,JJ,0,broken,5.0,1.1375035237499351,5.687517618749675,1,0,0,1,0,1,0,1,0,0,-1
brother,4,4.2803638309256285e-05,14.511907043519884,7,NN,NN,0,brother,2.0,2.4594316186372973,4.918863237274595,0,0,0,0,0,0,1,0,0,1,1
bruise,3,3.2102728731942213e-05,14.926944542798728,6,NN,NN,0,bruis,2.0,2.4594316186372973,4.918863237274595,0,1,0,0,0,1,0,0,0,0,-1
brunt,1,1.0700909577314071e-05,16.511907043519884,5,NN,NN,0,brunt,1.0,3.4594316186372973,3.4594316186372973,1,0,0,0,0,1,0,0,0,0,-1
brutal,1,1.0700909577314071e-05,16.511907043519884,6,JJ,JJ,0,brutal,1.0,3.4594316186372973,3.4594316186372973,1,0,0,1,0,1,0,0,0,0,-1
bug,1,1.0700909577314071e-05,16.511907043519884,3,VB,VBP,0,bug,1.0,3.4594316186372973,3.4594316186372973,0,0,1,1,0,1,0,0,0,0,-1
bum,22,0.0002354200107009,12.052475424882584,3,NN,NN,0,bum,1.0,3.4594316186372973,3.4594316186372973,0,0,1,0,0,1,0,1,0,0,-1
buried,2,2.1401819154628142e-05,15.511907043519884,6,VB,VBN,0,buri,1.0,3.4594316186372973,3.4594316186372973,0,0,0,1,0,1,0,1,0,0,-1
burnt,1,1.0700909577314071e-05,16.511907043519884,5,VB,VBN,0,burnt,1.0,3.4594316186372973,3.4594316186372973,0,0,1,0,0,1,0,0,0,0,-1
calls,6,6.420545746388443e-05,13.926944542798728,5,VB,VBZ,0,call,4.0,1.459431618637297,5.837726474549189,0,1,0,0,0,1,0,0,0,1,-1
cancel,2,2.1401819154628142e-05,15.511907043519884,6,NN,NNP,0,cancel,2.0,2.4594316186372973,4.918863237274595,0,0,0,0,0,1,0,1,0,0,-1
case,13,0.000139111824505,12.811467325378793,4,NN,NN,0,case,4.0,1.459431618637297,5.837726474549189,0,0,0,1,0,1,0,1,0,0,-1
cash,2,2.1401819154628142e-05,15.511907043519884,4,NN,NN,0,cash,2.0,2.4594316186372973,4.918863237274595,1,1,0,1,1,0,1,0,0,1,1
celebrated,3,3.2102728731942213e-05,14.926944542798728,10,VB,VBN,0,celebr,1.0,3.4594316186372973,3.4594316186372973,0,1,0,0,1,0,1,0,0,0,1
celebrating,1,1.0700909577314071e-05,16.511907043519884,11,NN,NN,0,celebr,1.0,3.4594316186372973,3.4594316186372973,0,1,0,0,1,0,1,0,0,0,1
cement,1,1.0700909577314071e-05,16.511907043519884,6,NN,NN,0,cement,1.0,3.4594316186372973,3.4594316186372973,0,1,0,0,0,0,0,0,0,1,0
champion,1,1.0700909577314071e-05,16.511907043519884,8,NN,NN,0,champion,1.0,3.4594316186372973,3.4594316186372973,0,1,0,0,1,0,1,0,0,1,1
chaos,1,1.0700909577314071e-05,16.511907043519884,5,NN,NN,0,chao,1.0,3.4594316186372973,3.4594316186372973,1,0,0,1,0,1,0,1,0,0,-1
charmed,2,2.1401819154628142e-05,15.511907043519884,7,VB,VBD,0,charm,1.0,3.4594316186372973,3.4594316186372973,0,0,0,0,1,1,1,0,0,0,0
cheat,1,1.0700909577314071e-05,16.511907043519884,5,VB,VB,0,cheat,1.0,3.4594316186372973,3.4594316186372973,1,0,1,0,0,1,0,0,0,0,-1
cheer,1,1.0700909577314071e-05,16.511907043519884,5,VB,VB,0,cheer,1.0,3.4594316186372973,3.4594316186372973,0,1,0,0,1,0,1,0,1,1,1
child,20,0.0002140181915462,12.18997894863252,5,NN,NN,0,child,4.0,1.459431618637297,5.837726474549189,0,1,0,0,1,0,1,0,0,0,1
choir,1,1.0700909577314071e-05,16.511907043519884,5,NN,NN,0,choir,1.0,3.4594316186372973,3.4594316186372973,0,0,0,0,1,0,1,0,0,1,1
choke,1,1.0700909577314071e-05,16.511907043519884,5,NN,NN,0,choke,1.0,3.4594316186372973,3.4594316186372973,1,0,0,0,0,1,0,1,0,0,-1
church,1,1.0700909577314071e-05,16.511907043519884,6,NN,NNP,0,church,1.0,3.4594316186372973,3.4594316186372973,0,1,0,0,1,0,1,0,0,1,1
clap,24,0.0002568218298555,11.926944542798728,4,VB,VB,0,clap,1.0,3.4594316186372973,3.4594316186372973,0,1,0,0,1,0,1,0,0,1,1
clean,10,0.0001070090957731,13.18997894863252,5,VB,VB,0,clean,4.0,1.459431618637297,5.837726474549189,0,0,0,0,1,0,1,0,0,1,1
coldness,1,1.0700909577314071e-05,16.511907043519884,8,NN,NN,0,cold,1.0,3.4594316186372973,3.4594316186372973,1,0,1,1,0,1,0,1,0,0,-1
collapse,1,1.0700909577314071e-05,16.511907043519884,8,VB,VB,0,collaps,1.0,3.4594316186372973,3.4594316186372973,0,0,1,1,0,1,0,1,0,0,-1
comfort,7,7.49063670411985e-05,13.704552121462278,7,VB,VB,0,comfort,2.0,2.4594316186372973,4.918863237274595,0,1,0,0,1,0,1,0,0,1,1
communicate,1,1.0700909577314071e-05,16.511907043519884,11,VB,VBP,0,commun,1.0,3.4594316186372973,3.4594316186372973,0,0,0,0,0,0,1,0,0,1,1
complain,1,1.0700909577314071e-05,16.511907043519884,8,VB,VB,0,complain,1.0,3.4594316186372973,3.4594316186372973,1,0,0,0,0,1,0,1,0,0,-1
compliment,2,2.1401819154628142e-05,15.511907043519884,10,NN,NN,0,compliment,1.0,3.4594316186372973,3.4594316186372973,0,1,0,0,1,0,1,0,1,1,1
concerned,4,4.2803638309256285e-05,14.511907043519884,9,JJ,JJ,0,concern,1.0,3.4594316186372973,3.4594316186372973,0,0,0,1,0,0,0,1,0,0,0
confess,2,2.1401819154628142e-05,15.511907043519884,7,VB,VB,0,confess,2.0,2.4594316186372973,4.918863237274595,0,0,0,0,0,1,1,0,0,1,0
confusion,2,2.1401819154628142e-05,15.511907043519884,9,NN,NN,0,confus,1.0,3.4594316186372973,3.4594316186372973,1,0,0,1,0,1,0,0,0,0,-1
conscience,2,2.1401819154628142e-05,15.511907043519884,10,NN,NN,0,conscienc,1.0,3.4594316186372973,3.4594316186372973,0,0,0,0,0,0,1,0,0,1,1
consistency,2,2.1401819154628142e-05,15.511907043519884,11,NN,NN,0,consist,1.0,3.4594316186372973,3.4594316186372973,0,0,0,0,0,0,1,0,0,1,1
constant,2,2.1401819154628142e-05,15.511907043519884,8,JJ,JJ,0,constant,1.0,3.4594316186372973,3.4594316186372973,0,0,0,0,0,0,1,0,0,1,1
contagious,2,2.1401819154628142e-05,15.511907043519884,10,JJ,JJ,0,contagi,1.0,3.4594316186372973,3.4594316186372973,0,0,1,1,0,1,0,0,0,0,-1
content,2,2.1401819154628142e-05,15.511907043519884,7,NN,NN,0,content,1.0,3.4594316186372973,3.4594316186372973,0,0,0,0,1,0,1,0,0,1,1
continue,1,1.0700909577314071e-05,16.511907043519884,8,VB,VBP,0,continu,1.0,3.4594316186372973,3.4594316186372973,0,1,0,0,0,0,1,0,0,1,1
convince,1,1.0700909577314071e-05,16.511907043519884,8,VB,VB,0,convinc,1.0,3.4594316186372973,3.4594316186372973,0,1,0,0,0,0,1,0,0,1,1
count,6,6.420545746388443e-05,13.926944542798728,5,NN,NN,0,count,2.0,2.4594316186372973,4.918863237274595,0,0,0,0,0,0,1,0,0,1,1
crash,1,1.0700909577314071e-05,16.511907043519884,5,NN,NN,0,crash,1.0,3.4594316186372973,3.4594316186372973,0,0,0,1,0,1,0,1,1,0,-1
crazy,17,0.0001819154628143,12.424444202269544,5,JJ,JJ,0,crazi,4.0,1.459431618637297,5.837726474549189,1,0,0,1,0,1,0,1,0,0,-1
credit,1,1.0700909577314071e-05,16.511907043519884,6,NN,NN,0,credit,1.0,3.4594316186372973,3.4594316186372973,0,0,0,0,0,0,1,0,0,1,1
crime,6,6.420545746388443e-05,13.926944542798728,5,NN,NN,0,crime,3.0,1.874469117916141,5.623407353748423,1,0,0,0,0,1,0,0,0,0,-1
criminal,1,1.0700909577314071e-05,16.511907043519884,8,JJ,JJ,0,crimin,1.0,3.4594316186372973,3.4594316186372973,1,0,1,1,0,1,0,0,0,0,-1
cross,6,6.420545746388443e-05,13.926944542798728,5,NN,NNP,0,cross,4.0,1.459431618637297,5.837726474549189,1,0,0,1,0,1,0,1,0,0,-1
cruel,27,0.0002889245585874,11.757019541356414,5,JJ,JJ,0,cruel,3.0,1.874469117916141,5.623407353748423,1,0,1,1,0,1,0,1,0,0,-1
crumbling,5,5.350454788657036e-05,14.18997894863252,9,VB,VBG,0,crumbl,2.0,2.4594316186372973,4.918863237274595,0,0,0,0,0,1,0,1,0,0,-1
cry,49,0.0005243445692883,10.897197199404674,3,VB,VB,0,cri,5.0,1.1375035237499351,5.687517618749675,0,0,0,0,0,1,0,1,0,0,-1
crying,11,0.0001177100053504,13.052475424882584,6,VB,VBG,0,cri,4.0,1.459431618637297,5.837726474549189,0,0,0,0,0,1,0,1,0,0,-1
curse,3,3.2102728731942213e-05,14.926944542798728,5,VB,VB,0,curs,3.0,1.874469117916141,5.623407353748423,1,0,1,1,0,1,0,1,0,0,-1
cursed,4,4.2803638309256285e-05,14.511907043519884,6,VB,VBN,0,curs,1.0,3.4594316186372973,3.4594316186372973,1,0,0,1,0,1,0,1,0,0,-1
cursing,3,3.2102728731942213e-05,14.926944542798728,7,VB,VBG,0,curs,1.0,3.4594316186372973,3.4594316186372973,1,0,1,0,0,1,0,0,0,0,-1
cutting,2,2.1401819154628142e-05,15.511907043519884,7,VB,VBG,0,cut,2.0,2.4594316186372973,4.918863237274595,1,0,1,1,0,1,0,1,0,0,-1
dagger,1,1.0700909577314071e-05,16.511907043519884,6,NN,NN,0,dagger,1.0,3.4594316186372973,3.4594316186372973,0,0,0,1,0,1,0,0,0,0,-1
damage,1,1.0700909577314071e-05,16.511907043519884,6,NN,NN,0,damag,1.0,3.4594316186372973,3.4594316186372973,1,0,1,0,0,1,0,1,0,0,-1
damn,16,0.000171214553237,12.511907043519884,4,NN,NN,0,damn,4.0,1.459431618637297,5.837726474549189,1,0,1,0,0,1,0,0,0,0,-1
dance,44,0.0004708400214018,11.052475424882584,5,NN,NN,0,danc,7.0,0.6520766965796931,4.564536876057852,0,0,0,0,1,0,1,0,0,1,1
danger,6,6.420545746388443e-05,13.926944542798728,6,NN,NN,0,danger,4.0,1.459431618637297,5.837726474549189,0,0,0,1,0,1,0,1,0,0,-1
dangerous,10,0.0001070090957731,13.18997894863252,9,JJ,JJ,0,danger,2.0,2.4594316186372973,4.918863237274595,0,0,0,1,0,1,0,0,0,0,-1
dare,21,0.0002247191011235,12.119589620741122,4,VB,VB,0,dare,4.0,1.459431618637297,5.837726474549189,0,1,0,0,0,0,0,0,0,1,0
darkened,2,2.1401819154628142e-05,15.511907043519884,8,JJ,JJ,0,darken,2.0,2.4594316186372973,4.918863237274595,0,0,0,1,0,1,0,1,0,0,-1
darkness,2,2.1401819154628142e-05,15.511907043519884,8,NN,NN,0,dark,2.0,2.4594316186372973,4.918863237274595,1,0,0,1,0,1,0,1,0,0,-1
darling,11,0.0001177100053504,13.052475424882584,7,VB,VBG,0,darl,3.0,1.874469117916141,5.623407353748423,0,0,0,0,1,0,1,0,0,1,1
daughter,1,1.0700909577314071e-05,16.511907043519884,8,NN,NN,0,daughter,1.0,3.4594316186372973,3.4594316186372973,0,0,0,0,1,0,1,0,0,0,1
deal,2,2.1401819154628142e-05,15.511907043519884,4,VB,VB,0,deal,1.0,3.4594316186372973,3.4594316186372973,0,1,0,0,1,0,1,0,1,1,1
death,8,8.560727661851257e-05,13.511907043519884,5,NN,NN,0,death,3.0,1.874469117916141,5.623407353748423,1,1,1,1,0,1,0,1,1,0,-1
deceive,1,1.0700909577314071e-05,16.511907043519884,7,VB,VBP,0,deceiv,1.0,3.4594316186372973,3.4594316186372973,1,0,1,0,0,1,0,1,0,0,-1
deceiving,2,2.1401819154628142e-05,15.511907043519884,9,VB,VBG,0,deceiv,1.0,3.4594316186372973,3.4594316186372973,0,0,0,0,0,1,0,0,0,1,-1
defeated,3,3.2102728731942213e-05,14.926944542798728,8,VB,VBN,0,defeat,1.0,3.4594316186372973,3.4594316186372973,0,0,0,0,0,1,0,1,0,0,-1
defense,3,3.2102728731942213e-05,14.926944542798728,7,NN,NN,0,defens,1.0,3.4594316186372973,3.4594316186372973,1,1,0,1,0,0,1,0,0,0,1
delivery,1,1.0700909577314071e-05,16.511907043519884,8,NN,NN,0,deliveri,1.0,3.4594316186372973,3.4594316186372973,0,1,0,0,0,0,1,0,0,0,1
demand,1,1.0700909577314071e-05,16.511907043519884,6,VB,VBP,0,demand,1.0,3.4594316186372973,3.4594316186372973,1,0,0,0,0,1,0,0,0,0,-1
demon,1,1.0700909577314071e-05,16.511907043519884,5,JJ,JJ,0,demon,1.0,3.4594316186372973,3.4594316186372973,1,0,1,1,0,1,0,1,0,0,-1
deny,7,7.49063670411985e-05,13.704552121462278,4,VB,VB,0,deni,3.0,1.874469117916141,5.623407353748423,1,0,0,0,0,1,0,0,0,0,-1
depend,2,2.1401819154628142e-05,15.511907043519884,6,VB,VB,0,depend,2.0,2.4594316186372973,4.918863237274595,0,1,0,0,0,0,0,0,0,1,0
depressed,1,1.0700909577314071e-05,16.511907043519884,9,VB,VBN,0,depress,1.0,3.4594316186372973,3.4594316186372973,1,0,0,1,0,1,0,1,0,0,-1
depression,2,2.1401819154628142e-05,15.511907043519884,10,NN,NN,0,depress,2.0,2.4594316186372973,4.918863237274595,0,0,0,0,0,1,0,1,0,0,-1
desert,4,4.2803638309256285e-05,14.511907043519884,6,VB,VB,0,desert,2.0,2.4594316186372973,4.918863237274595,1,0,1,1,0,1,0,1,0,0,-1
deserve,4,4.2803638309256285e-05,14.511907043519884,7,VB,VB,0,deserv,2.0,2.4594316186372973,4.918863237274595,1,1,0,0,0,0,1,0,0,1,1
despair,2,2.1401819154628142e-05,15.511907043519884,7,NN,NN,0,despair,1.0,3.4594316186372973,3.4594316186372973,1,0,1,1,0,1,0,1,0,0,-1
destination,1,1.0700909577314071e-05,16.511907043519884,11,NN,NN,0,destin,1.0,3.4594316186372973,3.4594316186372973,0,1,0,1,1,0,1,1,1,0,1
destruction,1,1.0700909577314071e-05,16.511907043519884,11,NN,NN,0,destruct,1.0,3.4594316186372973,3.4594316186372973,1,0,0,0,0,1,0,0,0,0,-1
destructive,3,3.2102728731942213e-05,14.926944542798728,11,JJ,JJ,0,destruct,1.0,3.4594316186372973,3.4594316186372973,1,0,1,1,0,1,0,0,0,0,-1
devil,6,6.420545746388443e-05,13.926944542798728,5,NN,NN,0,devil,1.0,3.4594316186372973,3.4594316186372973,1,1,1,1,0,1,0,1,0,0,-1
devout,1,1.0700909577314071e-05,16.511907043519884,6,RB,RB,0,devout,1.0,3.4594316186372973,3.4594316186372973,0,1,0,0,1,0,1,0,0,1,1
diamond,1,1.0700909577314071e-05,16.511907043519884,7,NN,NN,0,diamond,1.0,3.4594316186372973,3.4594316186372973,0,0,0,0,1,0,1,0,0,0,1
die,15,0.0001605136436597,12.605016447911364,3,VB,VB,0,die,6.0,0.874469117916141,5.246814707496846,0,0,0,1,0,1,0,1,0,0,-1
dignity,5,5.350454788657036e-05,14.18997894863252,7,NN,NN,0,digniti,4.0,1.459431618637297,5.837726474549189,0,0,0,0,0,0,1,0,0,1,1
dirty,8,8.560727661851257e-05,13.511907043519884,5,NN,NN,0,dirti,2.0,2.4594316186372973,4.918863237274595,0,0,1,0,0,1,0,0,0,0,-1
disconnect,1,1.0700909577314071e-05,16.511907043519884,10,NN,NN,0,disconnect,1.0,3.4594316186372973,3.4594316186372973,0,0,0,0,0,1,0,1,0,0,-1
disconnected,1,1.0700909577314071e-05,16.511907043519884,12,VB,VBN,0,disconnect,1.0,3.4594316186372973,3.4594316186372973,0,0,0,0,0,1,0,1,0,0,-1
distress,1,1.0700909577314071e-05,16.511907043519884,8,NN,NN,0,distress,1.0,3.4594316186372973,3.4594316186372973,1,0,1,1,0,1,0,1,1,0,-1
disturbed,1,1.0700909577314071e-05,16.511907043519884,9,VB,VBN,0,disturb,1.0,3.4594316186372973,3.4594316186372973,1,0,0,0,0,1,0,1,0,0,-1
doctor,1,1.0700909577314071e-05,16.511907043519884,6,NN,NN,0,doctor,1.0,3.4594316186372973,3.4594316186372973,0,0,0,0,0,0,1,0,0,1,1
doubt,16,0.000171214553237,12.511907043519884,5,NN,NN,0,doubt,3.0,1.874469117916141,5.623407353748423,0,0,0,1,0,1,0,1,0,1,-1
dove,1,1.0700909577314071e-05,16.511907043519884,4,NN,NN,0,dove,1.0,3.4594316186372973,3.4594316186372973,0,1,0,0,1,0,1,0,0,1,1
downfall,1,1.0700909577314071e-05,16.511907043519884,8,NN,NN,0,downfal,1.0,3.4594316186372973,3.4594316186372973,0,0,0,1,0,1,0,1,0,0,-1
dread,3,3.2102728731942213e-05,14.926944542798728,5,NN,NN,0,dread,1.0,3.4594316186372973,3.4594316186372973,0,1,0,1,0,1,0,0,0,0,-1
drown,1,1.0700909577314071e-05,16.511907043519884,5,VB,VB,0,drown,1.0,3.4594316186372973,3.4594316186372973,0,0,0,1,0,1,0,1,0,0,-1
dying,3,3.2102728731942213e-05,14.926944542798728,5,VB,VBG,0,die,1.0,3.4594316186372973,3.4594316186372973,1,0,1,1,0,1,0,1,0,0,-1
eager,1,1.0700909577314071e-05,16.511907043519884,5,JJ,JJ,0,eager,1.0,3.4594316186372973,3.4594316186372973,0,1,0,0,1,0,1,0,1,1,1
earthquake,2,2.1401819154628142e-05,15.511907043519884,10,NN,NN,0,earthquak,1.0,3.4594316186372973,3.4594316186372973,1,0,0,1,0,1,0,1,1,0,-1
ecstasy,11,0.0001177100053504,13.052475424882584,7,JJ,JJ,0,ecstasi,1.0,3.4594316186372973,3.4594316186372973,0,1,0,0,1,0,1,0,0,0,1
embrace,2,2.1401819154628142e-05,15.511907043519884,7,NN,NN,0,embrac,2.0,2.4594316186372973,4.918863237274595,0,1,0,0,1,0,1,0,1,1,1
enchanted,1,1.0700909577314071e-05,16.511907043519884,9,VB,VBN,0,enchant,1.0,3.4594316186372973,3.4594316186372973,0,0,0,0,1,0,1,0,0,1,1
endless,2,2.1401819154628142e-05,15.511907043519884,7,JJ,JJ,0,endless,2.0,2.4594316186372973,4.918863237274595,1,0,0,1,1,1,1,1,0,1,0
enemy,1,1.0700909577314071e-05,16.511907043519884,5,NN,NN,0,enemi,1.0,3.4594316186372973,3.4594316186372973,1,0,1,1,0,1,0,0,0,0,-1
enjoy,1,1.0700909577314071e-05,16.511907043519884,5,VB,VB,0,enjoy,1.0,3.4594316186372973,3.4594316186372973,0,1,0,0,1,0,1,0,0,1,1
erase,1,1.0700909577314071e-05,16.511907043519884,5,VB,VB,0,eras,1.0,3.4594316186372973,3.4594316186372973,0,0,0,1,0,1,0,0,0,0,-1
escape,3,3.2102728731942213e-05,14.926944542798728,6,NN,NN,0,escap,1.0,3.4594316186372973,3.4594316186372973,0,1,0,1,0,1,1,0,0,0,0
evergreen,1,1.0700909577314071e-05,16.511907043519884,9,JJ,JJ,0,evergreen,1.0,3.4594316186372973,3.4594316186372973,0,0,0,0,1,0,1,0,0,1,1
excitement,2,2.1401819154628142e-05,15.511907043519884,10,JJ,JJ,0,excit,1.0,3.4594316186372973,3.4594316186372973,0,1,0,0,1,0,1,0,1,0,1
expect,4,4.2803638309256285e-05,14.511907043519884,6,VB,VB,0,expect,1.0,3.4594316186372973,3.4594316186372973,0,1,0,0,0,0,1,0,1,1,1
explain,2,2.1401819154628142e-05,15.511907043519884,7,VB,VB,0,explain,2.0,2.4594316186372973,4.918863237274595,0,0,0,0,0,0,1,0,0,1,1
explosion,4,4.2803638309256285e-05,14.511907043519884,9,NN,NN,0,explos,1.0,3.4594316186372973,3.4594316186372973,0,0,0,1,0,1,0,0,1,0,-1
facts,1,1.0700909577314071e-05,16.511907043519884,5,NN,NNS,0,fact,1.0,3.4594316186372973,3.4594316186372973,0,0,0,0,0,0,1,0,0,1,1
failure,2,2.1401819154628142e-05,15.511907043519884,7,NN,NN,0,failur,2.0,2.4594316186372973,4.918863237274595,0,0,1,1,0,1,0,1,0,0,-1
faith,7,7.49063670411985e-05,13.704552121462278,5,NN,NN,0,faith,2.0,2.4594316186372973,4.918863237274595,0,1,0,0,1,0,1,0,0,1,1
fall,58,0.0006206527554842,10.65392604839231,4,NN,NN,0,fall,5.0,1.1375035237499351,5.687517618749675,0,0,0,0,0,1,0,1,0,0,-1
falling,30,0.0003210272873194,11.605016447911364,7,VB,VBG,0,fall,6.0,0.874469117916141,5.246814707496846,0,0,0,0,0,1,0,1,0,0,-1
familiar,3,3.2102728731942213e-05,14.926944542798728,8,JJ,JJ,0,familiar,2.0,2.4594316186372973,4.918863237274595,0,0,0,0,0,0,1,0,0,1,1
fancy,2,2.1401819154628142e-05,15.511907043519884,5,NN,NN,0,fanci,1.0,3.4594316186372973,3.4594316186372973,0,1,0,0,1,0,1,0,0,0,1
fat,1,1.0700909577314071e-05,16.511907043519884,3,NN,NNP,0,fat,1.0,3.4594316186372973,3.4594316186372973,0,0,1,0,0,1,0,1,0,0,-1
fatal,3,3.2102728731942213e-05,14.926944542798728,5,JJ,JJ,0,fatal,2.0,2.4594316186372973,4.918863237274595,1,0,0,1,0,1,0,1,0,0,-1
fate,13,0.000139111824505,12.811467325378793,4,NN,NN,0,fate,3.0,1.874469117916141,5.623407353748423,0,1,0,0,0,1,0,0,0,0,-1
fault,4,4.2803638309256285e-05,14.511907043519884,5,NN,NN,0,fault,3.0,1.874469117916141,5.623407353748423,0,0,0,0,0,1,0,1,0,0,-1
favorite,8,8.560727661851257e-05,13.511907043519884,8,JJ,JJ,0,favorit,2.0,2.4594316186372973,4.918863237274595,0,0,0,0,1,0,1,0,0,1,1
fear,14,0.0001498127340823,12.704552121462278,4,NN,NN,0,fear,4.0,1.459431618637297,5.837726474549189,1,0,0,1,0,1,0,0,0,0,-1
fearless,1,1.0700909577314071e-05,16.511907043519884,8,NN,NN,0,fearless,1.0,3.4594316186372973,3.4594316186372973,0,0,0,1,0,0,1,0,0,0,1
feeling,47,0.0005029427501337,10.957318191842246,7,VB,VBG,0,feel,6.0,0.874469117916141,5.246814707496846,1,1,1,1,1,1,1,1,1,1,0
fell,13,0.000139111824505,12.811467325378793,4,VB,VBD,0,fell,5.0,1.1375035237499351,5.687517618749675,0,0,0,0,0,1,0,1,0,0,-1
feud,1,1.0700909577314071e-05,16.511907043519884,4,NN,NN,0,feud,1.0,3.4594316186372973,3.4594316186372973,1,0,0,0,0,1,0,0,0,0,-1
fierce,2,2.1401819154628142e-05,15.511907043519884,6,NN,NN,0,fierc,1.0,3.4594316186372973,3.4594316186372973,1,0,1,1,0,1,0,0,0,0,-1
fight,25,0.0002675227394328,11.868050853745158,5,VB,VB,0,fight,5.0,1.1375035237499351,5.687517618749675,1,0,0,1,0,1,0,0,0,0,-1
fighting,4,4.2803638309256285e-05,14.511907043519884,8,VB,VBG,0,fight,3.0,1.874469117916141,5.623407353748423,1,0,0,0,0,1,0,0,0,0,-1
finally,10,0.0001070090957731,13.18997894863252,7,RB,RB,0,final,3.0,1.874469117916141,5.623407353748423,0,1,1,0,1,0,1,0,1,1,1
fits,5,5.350454788657036e-05,14.18997894863252,4,NN,NNS,0,fit,2.0,2.4594316186372973,4.918863237274595,1,0,0,0,0,1,0,0,0,0,-1
flaw,1,1.0700909577314071e-05,16.511907043519884,4,NN,NN,0,flaw,1.0,3.4594316186372973,3.4594316186372973,0,0,0,0,0,1,0,1,0,0,-1
flying,6,6.420545746388443e-05,13.926944542798728,6,VB,VBG,0,fli,2.0,2.4594316186372973,4.918863237274595,0,0,0,1,0,0,1,0,0,0,1
fool,39,0.0004173354735152,11.226504824657637,4,NN,NN,0,fool,4.0,1.459431618637297,5.837726474549189,0,0,1,0,0,1,0,0,0,0,-1
forbid,1,1.0700909577314071e-05,16.511907043519884,6,VB,VBD,0,forbid,1.0,3.4594316186372973,3.4594316186372973,0,0,0,0,0,1,0,1,0,0,-1
force,1,1.0700909577314071e-05,16.511907043519884,5,NN,NN,0,forc,1.0,3.4594316186372973,3.4594316186372973,1,0,0,1,0,1,0,0,0,0,-1
forgotten,8,8.560727661851257e-05,13.511907043519884,9,VB,VBN,0,forgotten,2.0,2.4594316186372973,4.918863237274595,0,0,0,1,0,1,0,1,0,0,-1
fortune,1,1.0700909577314071e-05,16.511907043519884,7,NN,NN,0,fortun,1.0,3.4594316186372973,3.4594316186372973,0,1,0,0,1,0,1,0,1,1,1
found,33,0.0003531300160513,11.46751292416143,5,VB,VBD,0,found,5.0,1.1375035237499351,5.687517618749675,0,0,0,0,1,0,1,0,0,1,1
frank,4,4.2803638309256285e-05,14.511907043519884,5,NN,NNP,0,frank,1.0,3.4594316186372973,3.4594316186372973,0,0,0,0,0,0,1,0,0,1,1
freedom,4,4.2803638309256285e-05,14.511907043519884,7,NN,NN,0,freedom,2.0,2.4594316186372973,4.918863237274595,0,0,0,0,1,0,1,0,0,1,1
friend,32,0.000342429106474,11.511907043519884,6,NN,NN,0,friend,5.0,1.1375035237499351,5.687517618749675,0,0,0,0,1,0,1,0,0,1,1
friendship,1,1.0700909577314071e-05,16.511907043519884,10,NN,NN,0,friendship,1.0,3.4594316186372973,3.4594316186372973,0,0,0,0,1,0,1,0,0,1,1
frustrated,1,1.0700909577314071e-05,16.511907043519884,10,JJ,JJ,0,frustrat,1.0,3.4594316186372973,3.4594316186372973,1,0,0,0,0,1,0,0,0,0,-1
frustration,4,4.2803638309256285e-05,14.511907043519884,11,NN,NN,0,frustrat,2.0,2.4594316186372973,4.918863237274595,1,0,0,0,0,1,0,0,0,0,-1
fulfill,1,1.0700909577314071e-05,16.511907043519884,7,VB,VBP,0,fulfil,1.0,3.4594316186372973,3.4594316186372973,0,0,0,0,1,0,1,0,0,0,1
fun,30,0.0003210272873194,11.605016447911364,3,NN,NN,0,fun,6.0,0.874469117916141,5.246814707496846,0,1,0,0,1,0,1,0,0,0,1
furious,4,4.2803638309256285e-05,14.511907043519884,7,JJ,JJ,0,furiou,1.0,3.4594316186372973,3.4594316186372973,1,0,1,0,0,1,0,0,0,0,-1
fury,1,1.0700909577314071e-05,16.511907043519884,4,NN,NN,0,furi,1.0,3.4594316186372973,3.4594316186372973,1,0,0,1,0,1,0,1,0,0,-1
fuse,1,1.0700909577314071e-05,16.511907043519884,4,NN,NN,0,fuse,1.0,3.4594316186372973,3.4594316186372973,0,0,0,0,0,0,1,0,0,1,1
futile,2,2.1401819154628142e-05,15.511907043519884,6,JJ,JJ,0,futil,1.0,3.4594316186372973,3.4594316186372973,0,0,0,0,0,1,0,1,0,0,-1
gain,2,2.1401819154628142e-05,15.511907043519884,4,NN,NN,0,gain,2.0,2.4594316186372973,4.918863237274595,0,1,0,0,1,0,1,0,0,0,1
gambling,1,1.0700909577314071e-05,16.511907043519884,8,NN,NN,0,gambl,1.0,3.4594316186372973,3.4594316186372973,0,1,0,0,0,1,0,0,1,0,-1
garden,10,0.0001070090957731,13.18997894863252,6,NN,NN,0,garden,3.0,1.874469117916141,5.623407353748423,0,0,0,0,1,0,1,0,0,0,1
gentleman,1,1.0700909577314071e-05,16.511907043519884,9,NN,NN,0,gentleman,1.0,3.4594316186372973,3.4594316186372973,0,0,0,0,0,0,1,0,0,1,1
ghetto,1,1.0700909577314071e-05,16.511907043519884,6,NN,NNP,0,ghetto,1.0,3.4594316186372973,3.4594316186372973,0,0,1,1,0,1,0,1,0,0,-1
ghostly,1,1.0700909577314071e-05,16.511907043519884,7,RB,RB,0,ghostli,1.0,3.4594316186372973,3.4594316186372973,0,0,0,1,0,1,0,0,0,0,-1
gift,5,5.350454788657036e-05,14.18997894863252,4,NN,NN,0,gift,3.0,1.874469117916141,5.623407353748423,0,1,0,0,1,0,1,0,1,0,1
glad,1,1.0700909577314071e-05,16.511907043519884,4,NN,NNS,0,glad,1.0,3.4594316186372973,3.4594316186372973,0,1,0,0,1,0,1,0,0,0,1
glare,1,1.0700909577314071e-05,16.511907043519884,5,NN,NN,0,glare,1.0,3.4594316186372973,3.4594316186372973,1,0,0,1,0,1,0,0,0,0,-1
glitter,1,1.0700909577314071e-05,16.511907043519884,7,NN,NN,0,glitter,1.0,3.4594316186372973,3.4594316186372973,0,0,1,0,1,0,0,0,0,0,0
glory,2,2.1401819154628142e-05,15.511907043519884,5,NN,NN,0,glori,1.0,3.4594316186372973,3.4594316186372973,0,1,0,0,1,0,1,0,0,1,1
glow,2,2.1401819154628142e-05,15.511907043519884,4,NN,NN,0,glow,1.0,3.4594316186372973,3.4594316186372973,0,1,0,0,1,0,1,0,0,1,1
god,46,0.0004922418405564,10.98834508746287,3,NN,NNP,0,god,4.0,1.459431618637297,5.837726474549189,0,1,0,1,1,0,1,0,0,1,1
good,111,0.0011878009630818,9.717491177169777,4,JJ,JJ,0,good,9.0,0.289506617194985,2.605559554754865,0,1,0,0,1,0,1,0,1,1,1
goodness,2,2.1401819154628142e-05,15.511907043519884,8,JJ,JJ,0,good,1.0,3.4594316186372973,3.4594316186372973,0,1,0,0,1,0,1,0,1,1,1
gorgeous,14,0.0001498127340823,12.704552121462278,8,JJ,JJ,0,gorgeou,1.0,3.4594316186372973,3.4594316186372973,0,0,0,0,1,0,1,0,0,0,1
government,1,1.0700909577314071e-05,16.511907043519884,10,NN,NN,0,govern,1.0,3.4594316186372973,3.4594316186372973,0,0,0,1,0,1,0,0,0,0,-1
grab,1,1.0700909577314071e-05,16.511907043519884,4,VB,VB,0,grab,1.0,3.4594316186372973,3.4594316186372973,1,0,0,0,0,1,0,0,0,0,-1
grave,3,3.2102728731942213e-05,14.926944542798728,5,NN,NN,0,grave,2.0,2.4594316186372973,4.918863237274595,0,0,0,1,0,1,0,1,0,0,-1
gray,5,5.350454788657036e-05,14.18997894863252,4,NN,NN,0,gray,1.0,3.4594316186372973,3.4594316186372973,0,0,1,0,0,0,0,1,0,0,0
greed,1,1.0700909577314071e-05,16.511907043519884,5,NN,NN,0,greed,1.0,3.4594316186372973,3.4594316186372973,1,0,1,0,0,1,0,0,0,0,-1
green,7,7.49063670411985e-05,13.704552121462278,5,JJ,JJ,0,green,2.0,2.4594316186372973,4.918863237274595,0,0,0,0,1,0,1,0,0,1,1
grow,8,8.560727661851257e-05,13.511907043519884,4,VB,VB,0,grow,4.0,1.459431618637297,5.837726474549189,0,1,0,0,1,0,1,0,0,1,1
guarantee,1,1.0700909577314071e-05,16.511907043519884,9,VB,VB,0,guarante,1.0,3.4594316186372973,3.4594316186372973,0,0,0,0,0,0,1,0,0,1,1
guide,1,1.0700909577314071e-05,16.511907043519884,5,VB,VB,0,guid,1.0,3.4594316186372973,3.4594316186372973,0,0,0,0,0,0,1,0,0,1,1
guilt,1,1.0700909577314071e-05,16.511907043519884,5,NN,NN,0,guilt,1.0,3.4594316186372973,3.4594316186372973,0,0,1,0,0,1,0,1,0,0,-1
guilty,3,3.2102728731942213e-05,14.926944542798728,6,JJ,JJ,0,guilti,2.0,2.4594316186372973,4.918863237274595,1,0,0,0,0,1,0,1,0,0,-1
gun,1,1.0700909577314071e-05,16.511907043519884,3,NN,NN,0,gun,1.0,3.4594316186372973,3.4594316186372973,1,0,0,1,0,1,0,0,0,0,-1
hanging,5,5.350454788657036e-05,14.18997894863252,7,VB,VBG,0,hang,4.0,1.459431618637297,5.837726474549189,1,0,1,1,0,1,0,1,0,0,-1
happiness,14,0.0001498127340823,12.704552121462278,9,NN,NN,0,happi,4.0,1.459431618637297,5.837726474549189,0,1,0,0,1,0,1,0,0,0,1
happy,38,0.0004066345639379,11.263979530076297,5,JJ,JJ,0,happi,5.0,1.1375035237499351,5.687517618749675,0,1,0,0,1,0,1,0,0,1,1
harm,4,4.2803638309256285e-05,14.511907043519884,4,NN,NN,0,harm,2.0,2.4594316186372973,4.918863237274595,0,0,0,1,0,1,0,0,0,0,-1
harmony,1,1.0700909577314071e-05,16.511907043519884,7,NN,NN,0,harmoni,1.0,3.4594316186372973,3.4594316186372973,0,0,0,0,1,0,1,0,0,1,1
hate,35,0.0003745318352059,11.382624026574916,4,VB,NN,0,hate,3.0,1.874469117916141,5.623407353748423,1,0,1,1,0,1,0,1,0,0,-1
hating,2,2.1401819154628142e-05,15.511907043519884,6,VB,VBG,0,hate,1.0,3.4594316186372973,3.4594316186372973,1,0,0,0,0,1,0,0,0,0,-1
haunt,2,2.1401819154628142e-05,15.511907043519884,5,VB,VB,0,haunt,1.0,3.4594316186372973,3.4594316186372973,0,0,0,1,0,1,0,0,0,0,-1
haunted,6,6.420545746388443e-05,13.926944542798728,7,VB,VBN,0,haunt,3.0,1.874469117916141,5.623407353748423,0,0,0,1,0,1,0,1,0,0,-1
haze,3,3.2102728731942213e-05,14.926944542798728,4,NN,NN,0,haze,2.0,2.4594316186372973,4.918863237274595,0,0,0,1,0,1,0,0,0,0,-1
heal,6,6.420545746388443e-05,13.926944542798728,4,VB,VB,0,heal,1.0,3.4594316186372973,3.4594316186372973,0,0,0,0,1,0,1,0,0,1,1
healing,1,1.0700909577314071e-05,16.511907043519884,7,VB,VBG,0,heal,1.0,3.4594316186372973,3.4594316186372973,0,1,0,0,1,0,1,0,0,1,1
heartache,1,1.0700909577314071e-05,16.511907043519884,9,NN,NN,0,heartach,1.0,3.4594316186372973,3.4594316186372973,0,0,0,0,0,1,0,1,0,0,-1
heavens,4,4.2803638309256285e-05,14.511907043519884,7,NN,NNS,0,heaven,1.0,3.4594316186372973,3.4594316186372973,0,0,0,0,1,0,1,0,0,1,1
hell,13,0.000139111824505,12.811467325378793,4,NN,NNP,0,hell,5.0,1.1375035237499351,5.687517618749675,1,0,1,1,0,1,0,1,0,0,-1
hero,3,3.2102728731942213e-05,14.926944542798728,4,NN,NN,0,hero,2.0,2.4594316186372973,4.918863237274595,0,1,0,0,1,0,1,0,1,1,1
highest,9,9.630818619582663e-05,13.34198204207757,7,JJ,JJS,0,highest,2.0,2.4594316186372973,4.918863237274595,0,1,0,1,1,1,1,0,1,0,0
hit,34,0.0003638309256286,11.424444202269544,3,VB,VB,0,hit,5.0,1.1375035237499351,5.687517618749675,1,0,0,0,0,1,0,0,0,0,-1
holiday,3,3.2102728731942213e-05,14.926944542798728,7,NN,NNP,0,holiday,1.0,3.4594316186372973,3.4594316186372973,0,1,0,0,1,0,1,0,0,0,1
hollow,4,4.2803638309256285e-05,14.511907043519884,6,JJ,JJ,0,hollow,2.0,2.4594316186372973,4.918863237274595,0,0,0,0,0,1,0,1,0,0,-1
homeless,1,1.0700909577314071e-05,16.511907043519884,8,JJ,JJ,0,homeless,1.0,3.4594316186372973,3.4594316186372973,1,1,1,1,0,1,0,1,0,0,-1
homesick,1,1.0700909577314071e-05,16.511907043519884,8,NN,NN,0,homesick,1.0,3.4594316186372973,3.4594316186372973,0,0,0,0,0,1,0,1,0,0,-1
honest,11,0.0001177100053504,13.052475424882584,6,JJ,JJS,0,honest,3.0,1.874469117916141,5.623407353748423,1,0,1,1,1,0,1,1,0,1,1
honesty,1,1.0700909577314071e-05,16.511907043519884,7,NN,NN,0,honesti,1.0,3.4594316186372973,3.4594316186372973,0,0,0,0,0,0,1,0,0,1,1
honor,1,1.0700909577314071e-05,16.511907043519884,5,NN,NN,0,honor,1.0,3.4594316186372973,3.4594316186372973,0,0,0,0,0,0,1,0,0,1,1
hope,42,0.0004494382022471,11.119589620741122,4,NN,VBP,0,hope,5.0,1.1375035237499351,5.687517618749675,0,1,0,0,1,0,1,0,1,1,1
horizon,1,1.0700909577314071e-05,16.511907043519884,7,NN,NN,0,horizon,1.0,3.4594316186372973,3.4594316186372973,0,1,0,0,0,0,1,0,0,0,1
hug,5,5.350454788657036e-05,14.18997894863252,3,VB,VB,0,hug,1.0,3.4594316186372973,3.4594316186372973,0,0,0,0,1,0,1,0,0,1,1
hungry,1,1.0700909577314071e-05,16.511907043519884,6,JJ,JJ,0,hungri,1.0,3.4594316186372973,3.4594316186372973,0,1,0,0,0,1,0,0,0,0,-1
hunter,1,1.0700909577314071e-05,16.511907043519884,6,NN,NN,0,hunter,1.0,3.4594316186372973,3.4594316186372973,0,1,0,1,0,1,0,1,0,0,-1
hurricane,1,1.0700909577314071e-05,16.511907043519884,9,NN,NN,0,hurrican,1.0,3.4594316186372973,3.4594316186372973,0,0,0,1,0,1,0,0,0,0,-1
hurt,32,0.000342429106474,11.511907043519884,4,VB,VB,0,hurt,5.0,1.1375035237499351,5.687517618749675,1,0,0,1,0,1,0,1,0,0,-1
hurting,5,5.350454788657036e-05,14.18997894863252,7,VB,VBG,0,hurt,2.0,2.4594316186372973,4.918863237274595,1,0,0,1,0,1,0,1,0,0,-1
hymn,1,1.0700909577314071e-05,16.511907043519884,4,NN,NNP,0,hymn,1.0,3.4594316186372973,3.4594316186372973,0,1,0,0,1,0,1,1,0,1,1
idiot,2,2.1401819154628142e-05,15.511907043519884,5,NN,NN,0,idiot,1.0,3.4594316186372973,3.4594316186372973,0,0,1,0,0,1,0,0,0,0,-1
idiotic,1,1.0700909577314071e-05,16.511907043519884,7,JJ,JJ,0,idiot,1.0,3.4594316186372973,3.4594316186372973,1,0,1,0,0,1,0,0,0,0,-1
illicit,2,2.1401819154628142e-05,15.511907043519884,7,JJ,JJ,0,illicit,1.0,3.4594316186372973,3.4594316186372973,1,0,1,1,0,1,0,0,0,0,-1
illusion,1,1.0700909577314071e-05,16.511907043519884,8,NN,NN,0,illus,1.0,3.4594316186372973,3.4594316186372973,0,0,0,0,0,1,0,0,1,0,-1
impatient,1,1.0700909577314071e-05,16.511907043519884,9,JJ,JJ,0,impati,1.0,3.4594316186372973,3.4594316186372973,0,1,0,0,0,1,0,0,0,0,-1
importance,1,1.0700909577314071e-05,16.511907043519884,10,NN,NN,0,import,1.0,3.4594316186372973,3.4594316186372973,0,1,0,0,0,0,1,0,0,0,1
important,4,4.2803638309256285e-05,14.511907043519884,9,JJ,JJ,0,import,2.0,2.4594316186372973,4.918863237274595,0,0,0,0,0,0,1,0,0,1,1
impossible,2,2.1401819154628142e-05,15.511907043519884,10,JJ,JJ,0,imposs,1.0,3.4594316186372973,3.4594316186372973,0,0,0,0,0,1,0,1,0,0,-1
infidelity,1,1.0700909577314071e-05,16.511907043519884,10,NN,NN,0,infidel,1.0,3.4594316186372973,3.4594316186372973,1,0,1,1,0,1,0,1,0,0,-1
iniquity,1,1.0700909577314071e-05,16.511907043519884,8,NN,NNP,0,iniqu,1.0,3.4594316186372973,3.4594316186372973,0,0,1,0,0,1,0,0,0,0,-1
innocent,1,1.0700909577314071e-05,16.511907043519884,8,NN,NN,0,innoc,1.0,3.4594316186372973,3.4594316186372973,0,0,0,0,0,0,1,0,0,1,1
insane,11,0.0001177100053504,13.052475424882584,6,JJ,JJ,0,insan,4.0,1.459431618637297,5.837726474549189,1,0,0,1,0,1,0,0,0,0,-1
insanity,1,1.0700909577314071e-05,16.511907043519884,8,NN,NN,0,insan,1.0,3.4594316186372973,3.4594316186372973,1,0,1,1,0,1,0,1,0,0,-1
insecure,1,1.0700909577314071e-05,16.511907043519884,8,JJ,JJ,0,insecur,1.0,3.4594316186372973,3.4594316186372973,1,0,0,1,0,1,0,1,0,0,-1
integrity,1,1.0700909577314071e-05,16.511907043519884,9,NN,NN,0,integr,1.0,3.4594316186372973,3.4594316186372973,0,0,0,0,0,0,1,0,0,1,1
inviting,1,1.0700909577314071e-05,16.511907043519884,8,JJ,JJ,0,invit,1.0,3.4594316186372973,3.4594316186372973,0,1,0,0,1,0,1,0,1,1,1
jackpot,1,1.0700909577314071e-05,16.511907043519884,7,NN,NN,0,jackpot,1.0,3.4594316186372973,3.4594316186372973,0,1,0,0,1,0,1,0,1,0,1
jail,2,2.1401819154628142e-05,15.511907043519884,4,VB,VB,0,jail,1.0,3.4594316186372973,3.4594316186372973,0,0,0,1,0,1,0,1,0,0,-1
jealous,3,3.2102728731942213e-05,14.926944542798728,7,JJ,JJ,0,jealou,3.0,1.874469117916141,5.623407353748423,1,0,1,0,0,1,0,0,0,0,-1
jealousy,1,1.0700909577314071e-05,16.511907043519884,8,NN,NN,0,jealousi,1.0,3.4594316186372973,3.4594316186372973,1,0,1,1,0,1,0,1,0,0,-1
journey,2,2.1401819154628142e-05,15.511907043519884,7,NN,NN,0,journey,2.0,2.4594316186372973,4.918863237274595,0,1,0,1,1,0,1,0,0,0,1
joy,11,0.0001177100053504,13.052475424882584,3,NN,NN,0,joy,2.0,2.4594316186372973,4.918863237274595,0,0,0,0,1,0,1,0,0,0,1
jump,4,4.2803638309256285e-05,14.511907043519884,4,NN,NN,0,jump,3.0,1.874469117916141,5.623407353748423,0,0,0,0,1,0,1,0,0,0,1
justice,4,4.2803638309256285e-05,14.511907043519884,7,NN,NN,0,justic,3.0,1.874469117916141,5.623407353748423,0,0,0,0,0,0,1,0,0,1,1
khan,2,2.1401819154628142e-05,15.511907043519884,4,NN,NNP,0,khan,1.0,3.4594316186372973,3.4594316186372973,0,0,0,1,0,0,0,0,0,1,0
kill,11,0.0001177100053504,13.052475424882584,4,VB,VB,0,kill,3.0,1.874469117916141,5.623407353748423,0,0,0,1,0,1,0,1,0,0,-1
killing,2,2.1401819154628142e-05,15.511907043519884,7,VB,VBG,0,kill,1.0,3.4594316186372973,3.4594316186372973,1,0,0,1,0,1,0,1,0,0,-1
kind,20,0.0002140181915462,12.18997894863252,4,NN,NN,0,kind,6.0,0.874469117916141,5.246814707496846,0,0,0,0,1,0,1,0,0,1,1
kindred,1,1.0700909577314071e-05,16.511907043519884,7,NN,NNP,0,kindr,1.0,3.4594316186372973,3.4594316186372973,0,1,0,0,1,0,1,0,0,1,1
kiss,41,0.0004387372926698,11.1543550389018,4,VB,VB,0,kiss,6.0,0.874469117916141,5.246814707496846,0,1,0,0,1,0,1,0,1,0,1
kitten,1,1.0700909577314071e-05,16.511907043519884,6,NN,NNP,0,kitten,1.0,3.4594316186372973,3.4594316186372973,0,0,0,0,1,0,1,0,0,1,1
lace,1,1.0700909577314071e-05,16.511907043519884,4,NN,NN,0,lace,1.0,3.4594316186372973,3.4594316186372973,1,0,0,1,0,1,1,1,0,1,0
late,11,0.0001177100053504,13.052475424882584,4,JJ,JJ,0,late,4.0,1.459431618637297,5.837726474549189,0,0,0,0,0,1,0,1,0,0,-1
laugh,6,6.420545746388443e-05,13.926944542798728,5,VB,IN,0,laugh,3.0,1.874469117916141,5.623407353748423,0,0,0,0,1,0,1,0,1,0,1
laughing,5,5.350454788657036e-05,14.18997894863252,8,VB,VBG,0,laugh,2.0,2.4594316186372973,4.918863237274595,0,0,0,0,1,0,1,0,0,0,1
laughter,2,2.1401819154628142e-05,15.511907043519884,8,NN,NN,0,laughter,1.0,3.4594316186372973,3.4594316186372973,0,1,0,0,1,0,1,0,1,0,1
lawyer,2,2.1401819154628142e-05,15.511907043519884,6,NN,NN,0,lawyer,1.0,3.4594316186372973,3.4594316186372973,1,0,1,1,0,1,0,0,0,0,-1
leave,81,0.0008667736757624,10.172057040635258,5,VB,VB,0,leav,6.0,0.874469117916141,5.246814707496846,0,0,0,0,0,1,0,1,1,0,-1
lesson,2,2.1401819154628142e-05,15.511907043519884,6,NN,NN,0,lesson,2.0,2.4594316186372973,4.918863237274595,0,1,0,0,0,0,1,0,0,1,1
liar,1,1.0700909577314071e-05,16.511907043519884,4,NN,NN,0,liar,1.0,3.4594316186372973,3.4594316186372973,0,0,1,0,0,1,0,0,0,0,-1
lick,3,3.2102728731942213e-05,14.926944542798728,4,VB,VBP,0,lick,2.0,2.4594316186372973,4.918863237274595,0,0,1,0,0,1,0,0,0,0,-1
lie,32,0.000342429106474,11.511907043519884,3,NN,NN,0,lie,4.0,1.459431618637297,5.837726474549189,1,0,1,0,0,1,0,1,0,0,-1
lifeless,2,2.1401819154628142e-05,15.511907043519884,8,NN,NN,0,lifeless,1.0,3.4594316186372973,3.4594316186372973,0,0,0,1,0,1,0,1,0,0,-1
lightning,1,1.0700909577314071e-05,16.511907043519884,9,VB,VBG,0,lightn,1.0,3.4594316186372973,3.4594316186372973,1,0,0,1,0,0,0,0,1,0,0
lion,1,1.0700909577314071e-05,16.511907043519884,4,NN,NNP,0,lion,1.0,3.4594316186372973,3.4594316186372973,0,0,0,1,0,0,1,0,0,0,1
liquor,1,1.0700909577314071e-05,16.511907043519884,6,NN,NN,0,liquor,1.0,3.4594316186372973,3.4594316186372973,1,0,0,0,1,1,0,1,0,0,-1
loneliness,2,2.1401819154628142e-05,15.511907043519884,10,NN,NN,0,loneli,2.0,2.4594316186372973,4.918863237274595,0,0,0,1,0,1,0,1,0,0,-1
lonely,35,0.0003745318352059,11.382624026574916,6,RB,RB,0,lone,3.0,1.874469117916141,5.623407353748423,1,0,1,1,0,1,0,1,0,0,-1
longing,1,1.0700909577314071e-05,16.511907043519884,7,NN,NN,0,long,1.0,3.4594316186372973,3.4594316186372973,0,1,0,0,0,0,0,1,0,0,0
lord,37,0.0003959336543606,11.302453677890933,4,NN,NNP,0,lord,3.0,1.874469117916141,5.623407353748423,0,0,1,0,0,1,1,0,0,1,0
lose,33,0.0003531300160513,11.46751292416143,4,VB,VB,0,lose,5.0,1.1375035237499351,5.687517618749675,1,0,1,1,0,1,0,1,1,0,-1
losing,12,0.0001284109149277,12.926944542798728,6,VB,VBG,0,lose,4.0,1.459431618637297,5.837726474549189,1,0,0,0,0,1,0,1,0,0,-1
loss,1,1.0700909577314071e-05,16.511907043519884,4,NN,NN,0,loss,1.0,3.4594316186372973,3.4594316186372973,1,0,0,1,0,1,0,1,0,0,-1
lost,41,0.0004387372926698,11.1543550389018,4,VB,VBN,0,lost,7.0,0.6520766965796931,4.564536876057852,0,0,0,0,0,1,0,1,0,0,-1
love,757,0.0081005885500267,6.947757553534151,4,NN,NN,0,love,11.0,0.0,0.0,0,0,0,0,1,0,1,0,0,0,1
lovely,4,4.2803638309256285e-05,14.511907043519884,6,JJ,JJ,0,love,3.0,1.874469117916141,5.623407353748423,0,1,0,0,1,0,1,1,1,1,1
lover,52,0.0005564472980203,10.811467325378793,5,NN,NN,0,lover,4.0,1.459431618637297,5.837726474549189,0,1,0,0,1,0,1,0,0,1,1
loving,15,0.0001605136436597,12.605016447911364,6,VB,VBG,0,love,3.0,1.874469117916141,5.623407353748423,0,0,0,0,1,0,1,0,0,1,1
lucky,3,3.2102728731942213e-05,14.926944542798728,5,JJ,JJ,0,lucki,1.0,3.4594316186372973,3.4594316186372973,0,0,0,0,1,0,1,0,1,0,1
lust,1,1.0700909577314071e-05,16.511907043519884,4,JJ,JJ,0,lust,1.0,3.4594316186372973,3.4594316186372973,0,1,0,0,0,1,0,0,0,0,-1
luxury,1,1.0700909577314071e-05,16.511907043519884,6,NN,NN,0,luxuri,1.0,3.4594316186372973,3.4594316186372973,0,0,0,0,1,0,1,0,0,0,1
lying,7,7.49063670411985e-05,13.704552121462278,5,VB,VBG,0,lie,4.0,1.459431618637297,5.837726474549189,1,0,1,0,0,1,0,0,0,0,-1
mad,11,0.0001177100053504,13.052475424882584,3,JJ,JJ,0,mad,4.0,1.459431618637297,5.837726474549189,1,0,1,1,0,1,0,1,0,0,-1
madness,4,4.2803638309256285e-05,14.511907043519884,7,NN,NN,0,mad,2.0,2.4594316186372973,4.918863237274595,1,0,0,1,0,1,0,0,0,0,-1
marry,2,2.1401819154628142e-05,15.511907043519884,5,NN,NNP,0,marri,1.0,3.4594316186372973,3.4594316186372973,0,1,0,1,1,0,1,0,1,1,1
marvelous,5,5.350454788657036e-05,14.18997894863252,9,JJ,JJ,0,marvel,1.0,3.4594316186372973,3.4594316186372973,0,0,0,0,1,0,1,0,0,0,1
massage,1,1.0700909577314071e-05,16.511907043519884,7,NN,NN,0,massag,1.0,3.4594316186372973,3.4594316186372973,0,0,0,0,1,0,1,0,0,0,1
masterpiece,3,3.2102728731942213e-05,14.926944542798728,11,NN,NN,0,masterpiec,2.0,2.4594316186372973,4.918863237274595,0,0,0,0,1,0,1,0,0,0,1
merry,2,2.1401819154628142e-05,15.511907043519884,5,NN,NNP,0,merri,1.0,3.4594316186372973,3.4594316186372973,0,0,0,0,1,0,1,0,0,0,1
mess,13,0.000139111824505,12.811467325378793,4,NN,NN,0,mess,4.0,1.459431618637297,5.837726474549189,0,0,1,0,0,1,0,0,0,0,-1
messy,1,1.0700909577314071e-05,16.511907043519884,5,JJ,JJ,0,messi,1.0,3.4594316186372973,3.4594316186372973,0,0,1,0,0,1,0,0,0,0,-1
mighty,4,4.2803638309256285e-05,14.511907043519884,6,NN,NN,0,mighti,2.0,2.4594316186372973,4.918863237274595,1,0,0,1,1,0,1,0,0,1,1
miracle,10,0.0001070090957731,13.18997894863252,7,NN,NN,0,miracl,1.0,3.4594316186372973,3.4594316186372973,0,1,0,0,1,0,1,0,1,1,1
misery,3,3.2102728731942213e-05,14.926944542798728,6,NN,NN,0,miseri,2.0,2.4594316186372973,4.918863237274595,1,0,1,1,0,1,0,1,0,0,-1
missing,4,4.2803638309256285e-05,14.511907043519884,7,VB,VBG,0,miss,2.0,2.4594316186372973,4.918863237274595,0,0,0,1,0,1,0,1,0,0,-1
mistake,2,2.1401819154628142e-05,15.511907043519884,7,NN,NN,0,mistak,1.0,3.4594316186372973,3.4594316186372973,0,0,0,0,0,1,0,1,0,0,-1
mistaken,2,2.1401819154628142e-05,15.511907043519884,8,VB,VBN,0,mistaken,2.0,2.4594316186372973,4.918863237274595,0,0,0,1,0,1,0,0,0,0,-1
money,15,0.0001605136436597,12.605016447911364,5,NN,NN,0,money,4.0,1.459431618637297,5.837726474549189,1,1,0,0,1,0,1,0,1,1,1
monochrome,1,1.0700909577314071e-05,16.511907043519884,10,VB,VB,0,monochrom,1.0,3.4594316186372973,3.4594316186372973,0,0,1,0,0,1,0,0,0,0,-1
monster,1,1.0700909577314071e-05,16.511907043519884,7,NN,NN,0,monster,1.0,3.4594316186372973,3.4594316186372973,0,0,0,1,0,1,0,0,0,0,-1
moral,4,4.2803638309256285e-05,14.511907043519884,5,JJ,JJ,0,moral,1.0,3.4594316186372973,3.4594316186372973,1,0,0,0,0,0,1,0,0,1,1
mother,10,0.0001070090957731,13.18997894863252,6,NN,NN,0,mother,5.0,1.1375035237499351,5.687517618749675,0,1,0,0,1,1,1,1,0,1,0
mule,1,1.0700909577314071e-05,16.511907043519884,4,NN,NN,0,mule,1.0,3.4594316186372973,3.4594316186372973,1,0,0,0,0,1,0,0,0,1,-1
music,12,0.0001284109149277,12.926944542798728,5,NN,NN,0,music,3.0,1.874469117916141,5.623407353748423,0,0,0,0,1,0,1,1,0,0,1
mutiny,1,1.0700909577314071e-05,16.511907043519884,6,NN,NN,0,mutini,1.0,3.4594316186372973,3.4594316186372973,1,0,1,1,0,1,0,0,1,0,-1
mysterious,1,1.0700909577314071e-05,16.511907043519884,10,JJ,JJ,0,mysteri,1.0,3.4594316186372973,3.4594316186372973,0,1,0,1,0,0,0,0,1,0,0
mystery,6,6.420545746388443e-05,13.926944542798728,7,NN,NN,0,mysteri,3.0,1.874469117916141,5.623407353748423,0,1,0,0,0,0,0,0,1,0,0
nasty,16,0.000171214553237,12.511907043519884,5,JJ,JJ,0,nasti,2.0,2.4594316186372973,4.918863237274595,1,0,1,1,0,1,0,1,0,0,-1
neighbor,1,1.0700909577314071e-05,16.511907043519884,8,NN,NN,0,neighbor,1.0,3.4594316186372973,3.4594316186372973,0,1,0,0,0,0,1,0,0,1,1
neurotic,1,1.0700909577314071e-05,16.511907043519884,8,JJ,JJ,0,neurot,1.0,3.4594316186372973,3.4594316186372973,0,0,1,1,0,1,0,0,0,0,-1
nightmare,1,1.0700909577314071e-05,16.511907043519884,9,NN,NN,0,nightmar,1.0,3.4594316186372973,3.4594316186372973,0,0,0,1,0,1,0,0,0,0,-1
nurture,1,1.0700909577314071e-05,16.511907043519884,7,VB,VB,0,nurtur,1.0,3.4594316186372973,3.4594316186372973,1,1,1,1,1,0,1,0,0,1,1
oath,2,2.1401819154628142e-05,15.511907043519884,4,NN,NN,0,oath,1.0,3.4594316186372973,3.4594316186372973,0,0,0,0,0,0,1,0,0,1,1
obvious,3,3.2102728731942213e-05,14.926944542798728,7,JJ,JJ,0,obviou,2.0,2.4594316186372973,4.918863237274595,0,0,0,0,0,0,1,0,0,1,1
offend,1,1.0700909577314071e-05,16.511907043519884,6,VB,VB,0,offend,1.0,3.4594316186372973,3.4594316186372973,1,0,1,0,0,1,0,0,0,0,-1
offense,1,1.0700909577314071e-05,16.511907043519884,7,NN,NN,0,offens,1.0,3.4594316186372973,3.4594316186372973,1,0,1,1,0,1,0,1,0,0,-1
opportunity,1,1.0700909577314071e-05,16.511907043519884,11,NN,NN,0,opportun,1.0,3.4594316186372973,3.4594316186372973,0,1,0,0,0,0,1,0,0,0,1
organ,1,1.0700909577314071e-05,16.511907043519884,5,NN,NNP,0,organ,1.0,3.4594316186372973,3.4594316186372973,0,1,0,0,1,0,0,0,0,0,0
overdue,2,2.1401819154628142e-05,15.511907043519884,7,JJ,JJ,0,overdu,2.0,2.4594316186372973,4.918863237274595,0,1,0,0,0,1,0,1,1,0,-1
pain,47,0.0005029427501337,10.957318191842246,4,NN,NN,0,pain,4.0,1.459431618637297,5.837726474549189,0,0,0,1,0,1,0,1,0,0,-1
panic,1,1.0700909577314071e-05,16.511907043519884,5,VB,VB,0,panic,1.0,3.4594316186372973,3.4594316186372973,0,0,0,1,0,1,0,0,0,0,-1
parade,3,3.2102728731942213e-05,14.926944542798728,6,NN,NN,0,parad,3.0,1.874469117916141,5.623407353748423,0,1,0,1,1,1,1,0,1,0,0
paralyzed,3,3.2102728731942213e-05,14.926944542798728,9,VB,VBN,0,paralyz,2.0,2.4594316186372973,4.918863237274595,1,0,0,1,0,1,0,1,1,0,-1
partake,1,1.0700909577314071e-05,16.511907043519884,7,VB,VB,0,partak,1.0,3.4594316186372973,3.4594316186372973,0,0,0,0,0,0,1,0,0,1,1
passion,4,4.2803638309256285e-05,14.511907043519884,7,NN,NN,0,passion,1.0,3.4594316186372973,3.4594316186372973,0,1,0,0,1,0,1,0,0,1,1
passionate,2,2.1401819154628142e-05,15.511907043519884,10,NN,NNP,0,passion,1.0,3.4594316186372973,3.4594316186372973,0,1,0,0,1,0,1,0,0,1,1
patience,6,6.420545746388443e-05,13.926944542798728,8,NN,NN,0,patienc,2.0,2.4594316186372973,4.918863237274595,0,1,0,0,0,0,1,0,0,1,1
patient,7,7.49063670411985e-05,13.704552121462278,7,JJ,JJ,0,patient,2.0,2.4594316186372973,4.918863237274595,0,1,0,0,0,0,1,0,0,0,1
pawn,1,1.0700909577314071e-05,16.511907043519884,4,NN,NN,0,pawn,1.0,3.4594316186372973,3.4594316186372973,0,0,0,0,0,1,0,0,0,1,-1
pay,18,0.0001926163723916,12.34198204207757,3,VB,VB,0,pay,5.0,1.1375035237499351,5.687517618749675,0,1,0,0,1,0,1,0,0,1,1
peace,10,0.0001070090957731,13.18997894863252,5,NN,NN,0,peac,4.0,1.459431618637297,5.837726474549189,0,1,0,0,1,0,1,0,0,1,1
perfect,12,0.0001284109149277,12.926944542798728,7,NN,NN,0,perfect,4.0,1.459431618637297,5.837726474549189,0,1,0,0,1,0,1,0,0,1,1
phantom,1,1.0700909577314071e-05,16.511907043519884,7,NN,NN,0,phantom,1.0,3.4594316186372973,3.4594316186372973,0,0,0,1,0,1,0,0,0,0,-1
pill,1,1.0700909577314071e-05,16.511907043519884,4,NN,NNP,0,pill,1.0,3.4594316186372973,3.4594316186372973,0,0,0,0,0,0,1,0,0,1,1
poison,2,2.1401819154628142e-05,15.511907043519884,6,NN,NN,0,poison,2.0,2.4594316186372973,4.918863237274595,1,0,1,1,0,1,0,1,0,0,-1
poisoned,2,2.1401819154628142e-05,15.511907043519884,8,VB,VBD,0,poison,1.0,3.4594316186372973,3.4594316186372973,1,0,1,1,0,1,0,1,0,0,-1
possess,2,2.1401819154628142e-05,15.511907043519884,7,VB,VBP,0,possess,1.0,3.4594316186372973,3.4594316186372973,0,1,0,0,1,0,1,0,0,1,1
pound,1,1.0700909577314071e-05,16.511907043519884,5,NN,NN,0,pound,1.0,3.4594316186372973,3.4594316186372973,1,0,0,0,0,1,0,0,0,0,-1
poverty,1,1.0700909577314071e-05,16.511907043519884,7,NN,NN,0,poverti,1.0,3.4594316186372973,3.4594316186372973,1,0,1,1,0,1,0,1,0,0,-1
powerful,1,1.0700909577314071e-05,16.511907043519884,8,JJ,JJ,0,power,1.0,3.4594316186372973,3.4594316186372973,1,1,1,1,1,0,1,0,0,1,1
pray,7,7.49063670411985e-05,13.704552121462278,4,VB,VBP,0,pray,4.0,1.459431618637297,5.837726474549189,0,1,0,1,1,0,1,0,1,1,1
precious,3,3.2102728731942213e-05,14.926944542798728,8,JJ,JJ,0,preciou,2.0,2.4594316186372973,4.918863237274595,0,1,0,0,1,0,1,0,1,0,1
present,1,1.0700909577314071e-05,16.511907043519884,7,VB,VBP,0,present,1.0,3.4594316186372973,3.4594316186372973,0,1,0,0,1,0,1,0,1,1,1
pretending,1,1.0700909577314071e-05,16.511907043519884,10,VB,VBG,0,pretend,1.0,3.4594316186372973,3.4594316186372973,1,0,0,0,0,1,0,0,0,0,-1
pretty,11,0.0001177100053504,13.052475424882584,6,NN,RB,0,pretti,4.0,1.459431618637297,5.837726474549189,0,1,0,0,1,0,1,0,0,1,1
pride,12,0.0001284109149277,12.926944542798728,5,NN,NN,0,pride,5.0,1.1375035237499351,5.687517618749675,0,0,0,0,1,0,1,0,0,0,1
prison,1,1.0700909577314071e-05,16.511907043519884,6,NN,NN,0,prison,1.0,3.4594316186372973,3.4594316186372973,1,0,0,1,0,1,0,1,0,0,-1
prisoner,6,6.420545746388443e-05,13.926944542798728,8,NN,NN,0,prison,1.0,3.4594316186372973,3.4594316186372973,1,0,1,1,0,1,0,1,0,0,-1
problem,9,9.630818619582663e-05,13.34198204207757,7,NN,NN,0,problem,3.0,1.874469117916141,5.623407353748423,0,0,0,1,0,1,0,1,0,0,-1
promise,18,0.0001926163723916,12.34198204207757,7,VB,VBP,0,promis,5.0,1.1375035237499351,5.687517618749675,0,0,0,0,1,0,1,0,0,1,1
proud,1,1.0700909577314071e-05,16.511907043519884,5,JJ,JJ,0,proud,1.0,3.4594316186372973,3.4594316186372973,0,1,0,0,1,0,1,0,0,1,1
punch,2,2.1401819154628142e-05,15.511907043519884,5,JJ,JJ,0,punch,1.0,3.4594316186372973,3.4594316186372973,1,0,0,1,0,1,0,1,1,0,-1
quiet,2,2.1401819154628142e-05,15.511907043519884,5,JJ,JJ,0,quiet,1.0,3.4594316186372973,3.4594316186372973,0,0,0,0,0,0,1,1,0,0,1
rack,1,1.0700909577314071e-05,16.511907043519884,4,NN,NN,0,rack,1.0,3.4594316186372973,3.4594316186372973,0,0,0,0,0,1,0,1,0,0,-1
rage,1,1.0700909577314071e-05,16.511907043519884,4,NN,NN,0,rage,1.0,3.4594316186372973,3.4594316186372973,1,0,0,0,0,1,0,0,0,0,-1
raging,1,1.0700909577314071e-05,16.511907043519884,6,VB,VBG,0,rage,1.0,3.4594316186372973,3.4594316186372973,1,0,1,1,0,1,0,0,0,0,-1
ransom,1,1.0700909577314071e-05,16.511907043519884,6,NN,NN,0,ransom,1.0,3.4594316186372973,3.4594316186372973,1,0,0,1,0,1,0,0,0,0,-1
react,1,1.0700909577314071e-05,16.511907043519884,5,VB,VB,0,react,1.0,3.4594316186372973,3.4594316186372973,1,0,0,1,0,0,0,0,0,0,0
real,33,0.0003531300160513,11.46751292416143,4,JJ,JJ,0,real,5.0,1.1375035237499351,5.687517618749675,0,0,0,0,0,0,1,0,0,1,1
rebel,1,1.0700909577314071e-05,16.511907043519884,5,NN,NNP,0,rebel,1.0,3.4594316186372973,3.4594316186372973,1,0,0,1,0,1,0,0,0,0,-1
receiving,2,2.1401819154628142e-05,15.511907043519884,9,VB,VBG,0,receiv,2.0,2.4594316186372973,4.918863237274595,0,1,0,0,1,0,1,0,1,0,1
reckless,7,7.49063670411985e-05,13.704552121462278,8,JJ,JJ,0,reckless,2.0,2.4594316186372973,4.918863237274595,1,0,0,1,0,1,0,0,0,0,-1
regret,11,0.0001177100053504,13.052475424882584,6,VB,VBP,0,regret,4.0,1.459431618637297,5.837726474549189,0,0,0,0,0,1,0,1,0,0,-1
rejection,2,2.1401819154628142e-05,15.511907043519884,9,NN,NN,0,reject,2.0,2.4594316186372973,4.918863237274595,1,0,1,1,0,1,0,1,0,0,-1
remains,2,2.1401819154628142e-05,15.511907043519884,7,NN,NNS,0,remain,2.0,2.4594316186372973,4.918863237274595,0,0,1,1,0,1,1,0,0,1,0
remedy,4,4.2803638309256285e-05,14.511907043519884,6,NN,NN,0,remedi,1.0,3.4594316186372973,3.4594316186372973,0,1,0,0,1,0,1,0,0,1,1
rescue,3,3.2102728731942213e-05,14.926944542798728,6,VB,VB,0,rescu,1.0,3.4594316186372973,3.4594316186372973,0,1,0,0,1,0,1,0,1,1,1
resentment,2,2.1401819154628142e-05,15.511907043519884,10,NN,NN,0,resent,2.0,2.4594316186372973,4.918863237274595,1,0,1,0,0,1,0,1,0,0,-1
resigned,2,2.1401819154628142e-05,15.511907043519884,8,VB,VBD,0,resign,1.0,3.4594316186372973,3.4594316186372973,0,0,0,0,0,1,0,1,0,0,-1
respect,7,7.49063670411985e-05,13.704552121462278,7,NN,NN,0,respect,3.0,1.874469117916141,5.623407353748423,0,1,0,0,1,0,1,0,0,1,1
respects,1,1.0700909577314071e-05,16.511907043519884,8,NN,NNS,0,respect,1.0,3.4594316186372973,3.4594316186372973,0,0,0,0,0,0,1,0,0,1,1
reunion,3,3.2102728731942213e-05,14.926944542798728,7,NN,NN,0,reunion,1.0,3.4594316186372973,3.4594316186372973,0,1,0,0,0,0,1,0,0,1,1
revenge,4,4.2803638309256285e-05,14.511907043519884,7,NN,NN,0,reveng,1.0,3.4594316186372973,3.4594316186372973,1,1,0,1,0,1,0,0,1,0,-1
rising,6,6.420545746388443e-05,13.926944542798728,6,NN,VBG,0,rise,3.0,1.874469117916141,5.623407353748423,0,1,0,0,1,0,1,0,0,0,1
risk,10,0.0001070090957731,13.18997894863252,4,NN,NN,0,risk,2.0,2.4594316186372973,4.918863237274595,0,1,0,1,0,1,0,0,0,0,-1
robber,1,1.0700909577314071e-05,16.511907043519884,6,NN,NN,0,robber,1.0,3.4594316186372973,3.4594316186372973,0,0,1,1,0,1,0,0,0,0,-1
romance,1,1.0700909577314071e-05,16.511907043519884,7,NN,NN,0,romanc,1.0,3.4594316186372973,3.4594316186372973,0,1,0,1,1,0,1,1,1,1,1
rooted,2,2.1401819154628142e-05,15.511907043519884,6,VB,VBN,0,root,1.0,3.4594316186372973,3.4594316186372973,0,0,0,0,0,0,1,0,0,1,1
row,1,1.0700909577314071e-05,16.511907043519884,3,VB,VB,0,row,1.0,3.4594316186372973,3.4594316186372973,1,0,0,0,0,1,0,0,0,0,-1
ruin,10,0.0001070090957731,13.18997894863252,4,VB,VB,0,ruin,1.0,3.4594316186372973,3.4594316186372973,0,0,0,1,0,1,0,1,0,0,-1
ruined,2,2.1401819154628142e-05,15.511907043519884,6,VB,VBD,0,ruin,2.0,2.4594316186372973,4.918863237274595,1,0,1,1,0,1,0,1,0,0,-1
sadly,1,1.0700909577314071e-05,16.511907043519884,5,RB,RB,0,sadli,1.0,3.4594316186372973,3.4594316186372973,0,0,0,0,0,1,0,1,0,0,-1
sadness,3,3.2102728731942213e-05,14.926944542798728,7,NN,NN,0,sad,1.0,3.4594316186372973,3.4594316186372973,0,0,0,0,0,1,0,1,0,1,-1
safe,8,8.560727661851257e-05,13.511907043519884,4,JJ,JJ,0,safe,5.0,1.1375035237499351,5.687517618749675,0,0,0,0,1,0,1,0,0,1,1
sanctuary,3,3.2102728731942213e-05,14.926944542798728,9,JJ,JJ,0,sanctuari,1.0,3.4594316186372973,3.4594316186372973,0,1,0,0,1,0,1,0,0,1,1
satisfied,5,5.350454788657036e-05,14.18997894863252,9,JJ,JJ,0,satisfi,1.0,3.4594316186372973,3.4594316186372973,0,0,0,0,1,0,1,0,0,0,1
savage,1,1.0700909577314071e-05,16.511907043519884,6,NN,NN,0,savag,1.0,3.4594316186372973,3.4594316186372973,1,0,0,1,0,1,0,0,0,0,-1
save,52,0.0005564472980203,10.811467325378793,4,VB,VB,0,save,5.0,1.1375035237499351,5.687517618749675,0,0,0,0,1,0,1,0,0,1,1
savor,1,1.0700909577314071e-05,16.511907043519884,5,NN,NN,0,savor,1.0,3.4594316186372973,3.4594316186372973,0,1,1,0,1,0,1,1,0,1,1
scandalous,4,4.2803638309256285e-05,14.511907043519884,10,JJ,JJ,0,scandal,1.0,3.4594316186372973,3.4594316186372973,1,0,0,0,0,1,0,0,0,0,-1
scar,5,5.350454788657036e-05,14.18997894863252,4,NN,NN,0,scar,1.0,3.4594316186372973,3.4594316186372973,1,0,1,1,0,1,0,1,0,0,-1
scream,7,7.49063670411985e-05,13.704552121462278,6,VB,NN,0,scream,2.0,2.4594316186372973,4.918863237274595,1,0,1,1,0,1,0,0,1,0,-1
screaming,5,5.350454788657036e-05,14.18997894863252,9,VB,VBG,0,scream,1.0,3.4594316186372973,3.4594316186372973,1,0,1,1,0,1,0,0,0,0,-1
seal,5,5.350454788657036e-05,14.18997894863252,4,VB,VB,0,seal,4.0,1.459431618637297,5.837726474549189,0,0,0,0,0,0,1,0,0,1,1
seize,1,1.0700909577314071e-05,16.511907043519884,5,VB,VBP,0,seiz,1.0,3.4594316186372973,3.4594316186372973,0,0,0,1,0,1,0,0,0,0,-1
selfish,2,2.1401819154628142e-05,15.511907043519884,7,JJ,JJ,0,selfish,1.0,3.4594316186372973,3.4594316186372973,1,0,1,0,0,1,0,0,0,0,-1
sentence,7,7.49063670411985e-05,13.704552121462278,8,VB,VB,0,sentenc,1.0,3.4594316186372973,3.4594316186372973,1,1,1,1,0,1,0,1,0,0,-1
sex,2,2.1401819154628142e-05,15.511907043519884,3,NN,NN,0,sex,1.0,3.4594316186372973,3.4594316186372973,0,1,0,0,1,0,1,0,0,1,1
shaking,2,2.1401819154628142e-05,15.511907043519884,7,VB,VBG,0,shake,2.0,2.4594316186372973,4.918863237274595,0,0,0,1,0,1,0,0,0,0,-1
shaky,1,1.0700909577314071e-05,16.511907043519884,5,NN,NNS,0,shaki,1.0,3.4594316186372973,3.4594316186372973,1,1,0,1,0,1,0,0,0,0,-1
shame,7,7.49063670411985e-05,13.704552121462278,5,NN,NN,0,shame,4.0,1.459431618637297,5.837726474549189,0,0,1,1,0,1,0,1,0,0,-1
shameless,1,1.0700909577314071e-05,16.511907043519884,9,JJ,JJ,0,shameless,1.0,3.4594316186372973,3.4594316186372973,0,0,1,0,0,1,0,0,0,0,-1
share,5,5.350454788657036e-05,14.18997894863252,5,NN,NN,0,share,3.0,1.874469117916141,5.623407353748423,0,1,0,0,1,0,1,0,0,1,1
shattered,4,4.2803638309256285e-05,14.511907043519884,9,VB,VBN,0,shatter,2.0,2.4594316186372973,4.918863237274595,0,0,0,0,0,1,0,1,0,0,-1
shelter,3,3.2102728731942213e-05,14.926944542798728,7,NN,NN,0,shelter,2.0,2.4594316186372973,4.918863237274595,0,0,0,0,0,0,1,0,0,1,1
shepherd,3,3.2102728731942213e-05,14.926944542798728,8,NN,NN,0,shepherd,1.0,3.4594316186372973,3.4594316186372973,0,0,0,0,0,0,1,0,0,1,1
shining,9,9.630818619582663e-05,13.34198204207757,7,VB,VBG,0,shine,2.0,2.4594316186372973,4.918863237274595,0,1,0,0,1,0,1,0,0,0,1
shit,58,0.0006206527554842,10.65392604839231,4,NN,NN,0,shit,4.0,1.459431618637297,5.837726474549189,1,0,1,0,0,1,0,0,0,0,-1
shock,1,1.0700909577314071e-05,16.511907043519884,5,VB,VB,0,shock,1.0,3.4594316186372973,3.4594316186372973,1,0,0,1,0,1,0,0,1,0,-1
shoot,8,8.560727661851257e-05,13.511907043519884,5,VB,VB,0,shoot,3.0,1.874469117916141,5.623407353748423,1,0,0,1,0,1,0,0,0,0,-1
shooting,1,1.0700909577314071e-05,16.511907043519884,8,VB,VBG,0,shoot,1.0,3.4594316186372973,3.4594316186372973,1,0,0,1,0,1,0,0,0,0,-1
shopping,2,2.1401819154628142e-05,15.511907043519884,8,NN,NN,0,shop,2.0,2.4594316186372973,4.918863237274595,0,1,0,0,1,0,1,0,1,1,1
shot,4,4.2803638309256285e-05,14.511907043519884,4,NN,NN,0,shot,3.0,1.874469117916141,5.623407353748423,1,0,0,1,0,1,0,1,1,0,-1
shoulder,4,4.2803638309256285e-05,14.511907043519884,8,NN,NN,0,shoulder,1.0,3.4594316186372973,3.4594316186372973,0,0,0,0,0,0,1,0,0,1,1
shout,3,3.2102728731942213e-05,14.926944542798728,5,NN,NN,0,shout,2.0,2.4594316186372973,4.918863237274595,1,0,0,0,0,0,0,0,1,0,0
sick,7,7.49063670411985e-05,13.704552121462278,4,JJ,JJ,0,sick,3.0,1.874469117916141,5.623407353748423,0,0,1,0,0,1,0,1,0,0,-1
sin,1,1.0700909577314071e-05,16.511907043519884,3,NN,NN,0,sin,1.0,3.4594316186372973,3.4594316186372973,1,0,1,1,0,1,0,1,0,0,-1
sing,19,0.0002033172819689,12.263979530076297,4,VB,VBG,0,sing,3.0,1.874469117916141,5.623407353748423,0,1,0,0,1,0,1,1,0,1,1
slave,1,1.0700909577314071e-05,16.511907043519884,5,NN,NN,0,slave,1.0,3.4594316186372973,3.4594316186372973,1,0,0,1,0,1,0,1,0,0,-1
slip,3,3.2102728731942213e-05,14.926944542798728,4,VB,VB,0,slip,2.0,2.4594316186372973,4.918863237274595,0,0,0,0,0,1,0,0,1,0,-1
slur,1,1.0700909577314071e-05,16.511907043519884,4,VB,VBP,0,slur,1.0,3.4594316186372973,3.4594316186372973,1,0,1,0,0,1,0,1,0,0,-1
slut,6,6.420545746388443e-05,13.926944542798728,4,NN,NN,0,slut,2.0,2.4594316186372973,4.918863237274595,1,0,1,0,0,1,0,0,0,0,-1
smash,2,2.1401819154628142e-05,15.511907043519884,5,NN,NN,0,smash,1.0,3.4594316186372973,3.4594316186372973,1,0,0,1,0,1,0,0,0,0,-1
smell,1,1.0700909577314071e-05,16.511907043519884,5,NN,NN,0,smell,1.0,3.4594316186372973,3.4594316186372973,1,0,1,0,0,1,0,0,0,0,-1
smile,29,0.0003103263777421,11.65392604839231,5,NN,NN,0,smile,5.0,1.1375035237499351,5.687517618749675,0,0,0,0,1,0,1,0,1,1,1
sneak,1,1.0700909577314071e-05,16.511907043519884,5,VB,VBP,0,sneak,1.0,3.4594316186372973,3.4594316186372973,1,0,0,1,0,1,0,0,1,0,-1
sob,1,1.0700909577314071e-05,16.511907043519884,3,JJ,JJ,0,sob,1.0,3.4594316186372973,3.4594316186372973,0,0,0,0,0,1,0,1,0,0,-1
soldier,3,3.2102728731942213e-05,14.926944542798728,7,NN,NN,0,soldier,2.0,2.4594316186372973,4.918863237274595,1,0,0,0,0,0,1,1,0,0,1
sorrow,3,3.2102728731942213e-05,14.926944542798728,6,NN,NN,0,sorrow,2.0,2.4594316186372973,4.918863237274595,0,0,0,1,0,1,0,1,0,0,-1
soulmate,1,1.0700909577314071e-05,16.511907043519884,8,NN,NN,0,soulmat,1.0,3.4594316186372973,3.4594316186372973,0,0,0,1,0,1,0,0,0,0,-1
sour,1,1.0700909577314071e-05,16.511907043519884,4,JJ,JJ,0,sour,1.0,3.4594316186372973,3.4594316186372973,0,0,1,0,0,1,0,0,0,0,-1
special,5,5.350454788657036e-05,14.18997894863252,7,JJ,JJ,0,special,1.0,3.4594316186372973,3.4594316186372973,0,0,0,0,1,0,1,0,0,0,1
spite,1,1.0700909577314071e-05,16.511907043519884,5,NN,NN,0,spite,1.0,3.4594316186372973,3.4594316186372973,1,0,0,0,0,1,0,0,0,0,-1
spoil,1,1.0700909577314071e-05,16.511907043519884,5,VB,VB,0,spoil,1.0,3.4594316186372973,3.4594316186372973,0,0,1,0,0,1,0,0,0,0,-1
stain,4,4.2803638309256285e-05,14.511907043519884,5,VB,VBP,0,stain,1.0,3.4594316186372973,3.4594316186372973,0,0,1,0,0,1,0,0,0,0,-1
star,7,7.49063670411985e-05,13.704552121462278,4,NN,NN,0,star,3.0,1.874469117916141,5.623407353748423,0,1,0,0,1,0,1,0,0,1,1
starry,1,1.0700909577314071e-05,16.511907043519884,6,NN,NNP,0,starri,1.0,3.4594316186372973,3.4594316186372973,0,1,0,0,1,0,1,0,0,0,1
steal,4,4.2803638309256285e-05,14.511907043519884,5,VB,VB,0,steal,2.0,2.4594316186372973,4.918863237274595,1,0,0,1,0,1,0,1,0,0,-1
stolen,4,4.2803638309256285e-05,14.511907043519884,6,JJ,JJ,0,stolen,2.0,2.4594316186372973,4.918863237274595,1,0,0,0,0,1,0,0,0,0,-1
stone,22,0.0002354200107009,12.052475424882584,5,NN,NN,0,stone,5.0,1.1375035237499351,5.687517618749675,1,0,0,0,0,1,0,0,0,0,-1
store,8,8.560727661851257e-05,13.511907043519884,5,NN,NN,0,store,3.0,1.874469117916141,5.623407353748423,0,1,0,0,0,0,1,0,0,0,1
storm,4,4.2803638309256285e-05,14.511907043519884,5,NN,NN,0,storm,3.0,1.874469117916141,5.623407353748423,1,0,0,0,0,1,0,0,0,0,-1
stranger,4,4.2803638309256285e-05,14.511907043519884,8,NN,NN,0,stranger,4.0,1.459431618637297,5.837726474549189,0,0,0,1,0,1,0,0,0,0,-1
strength,15,0.0001605136436597,12.605016447911364,8,NN,NN,0,strength,2.0,2.4594316186372973,4.918863237274595,0,0,0,0,0,0,1,0,0,1,1
strike,3,3.2102728731942213e-05,14.926944542798728,6,VB,VB,0,strike,2.0,2.4594316186372973,4.918863237274595,1,0,0,0,0,1,0,0,0,0,-1
stroke,2,2.1401819154628142e-05,15.511907043519884,6,VB,VB,0,stroke,1.0,3.4594316186372973,3.4594316186372973,0,0,0,1,0,1,0,1,0,0,-1
succeed,2,2.1401819154628142e-05,15.511907043519884,7,VB,VB,0,succeed,1.0,3.4594316186372973,3.4594316186372973,0,1,0,0,1,0,1,0,1,1,1
successful,1,1.0700909577314071e-05,16.511907043519884,10,JJ,JJ,0,success,1.0,3.4594316186372973,3.4594316186372973,0,1,0,0,1,0,1,0,0,1,1
sun,29,0.0003103263777421,11.65392604839231,3,NN,NN,0,sun,5.0,1.1375035237499351,5.687517618749675,0,1,0,0,1,0,1,0,1,1,1
sunset,1,1.0700909577314071e-05,16.511907043519884,6,NN,NNP,0,sunset,1.0,3.4594316186372973,3.4594316186372973,0,1,0,0,0,0,1,0,0,0,1
sunshine,10,0.0001070090957731,13.18997894863252,8,NN,NN,0,sunshin,2.0,2.4594316186372973,4.918863237274595,0,0,0,0,1,0,1,0,0,0,1
superstar,2,2.1401819154628142e-05,15.511907043519884,9,NN,NN,0,superstar,2.0,2.4594316186372973,4.918863237274595,0,0,0,0,1,0,1,0,0,1,1
surprise,8,8.560727661851257e-05,13.511907043519884,8,NN,NN,0,surpris,3.0,1.874469117916141,5.623407353748423,0,0,0,1,1,0,1,0,1,0,1
surround,3,3.2102728731942213e-05,14.926944542798728,8,VB,VBD,0,surround,1.0,3.4594316186372973,3.4594316186372973,0,1,0,0,0,1,1,0,0,0,0
suspicious,1,1.0700909577314071e-05,16.511907043519884,10,JJ,JJ,0,suspici,1.0,3.4594316186372973,3.4594316186372973,1,1,0,0,0,1,0,0,0,0,-1
swear,20,0.0002140181915462,12.18997894863252,5,VB,VBP,0,swear,5.0,1.1375035237499351,5.687517618749675,0,0,0,0,0,0,1,0,0,1,1
sweet,24,0.0002568218298555,11.926944542798728,5,NN,JJ,0,sweet,6.0,0.874469117916141,5.246814707496846,0,1,0,0,1,0,1,0,1,1,1
swim,4,4.2803638309256285e-05,14.511907043519884,4,VB,VB,0,swim,2.0,2.4594316186372973,4.918863237274595,0,1,0,1,1,0,1,0,0,0,1
taint,1,1.0700909577314071e-05,16.511907043519884,5,VB,VB,0,taint,1.0,3.4594316186372973,3.4594316186372973,0,0,0,0,0,1,0,1,0,0,-1
teach,5,5.350454788657036e-05,14.18997894863252,5,VB,VB,0,teach,3.0,1.874469117916141,5.623407353748423,0,0,0,0,1,0,1,0,1,1,1
teacher,1,1.0700909577314071e-05,16.511907043519884,7,NN,NN,0,teacher,1.0,3.4594316186372973,3.4594316186372973,0,0,0,0,0,0,1,0,0,1,1
tease,2,2.1401819154628142e-05,15.511907043519884,5,VB,VBP,0,teas,2.0,2.4594316186372973,4.918863237274595,1,1,0,0,0,1,0,1,0,0,-1
tender,3,3.2102728731942213e-05,14.926944542798728,6,NN,NN,0,tender,1.0,3.4594316186372973,3.4594316186372973,0,0,0,0,1,0,1,0,0,1,1
terror,1,1.0700909577314071e-05,16.511907043519884,6,NN,NN,0,terror,1.0,3.4594316186372973,3.4594316186372973,0,0,0,1,0,1,0,0,0,0,-1
thankful,1,1.0700909577314071e-05,16.511907043519884,8,JJ,JJ,0,thank,1.0,3.4594316186372973,3.4594316186372973,0,0,0,0,1,0,1,0,0,0,1
theory,1,1.0700909577314071e-05,16.511907043519884,6,NN,NN,0,theori,1.0,3.4594316186372973,3.4594316186372973,0,1,0,0,0,0,0,0,0,1,0
thief,1,1.0700909577314071e-05,16.511907043519884,5,NN,NN,0,thief,1.0,3.4594316186372973,3.4594316186372973,1,0,1,1,0,1,0,1,1,0,-1
thrill,4,4.2803638309256285e-05,14.511907043519884,6,NN,NN,0,thrill,3.0,1.874469117916141,5.623407353748423,0,1,0,1,1,0,1,0,1,0,1
tolerate,5,5.350454788657036e-05,14.18997894863252,8,VB,VBP,0,toler,1.0,3.4594316186372973,3.4594316186372973,1,0,0,0,0,1,0,1,0,0,-1
top,15,0.0001605136436597,12.605016447911364,3,NN,NN,0,top,5.0,1.1375035237499351,5.687517618749675,0,1,0,0,0,0,1,0,0,1,1
torture,3,3.2102728731942213e-05,14.926944542798728,7,NN,NN,0,tortur,2.0,2.4594316186372973,4.918863237274595,1,1,1,1,0,1,0,1,0,0,-1
tough,1,1.0700909577314071e-05,16.511907043519884,5,IN,IN,0,tough,1.0,3.4594316186372973,3.4594316186372973,0,0,0,0,0,1,0,1,0,0,-1
traitor,2,2.1401819154628142e-05,15.511907043519884,7,NN,NN,0,traitor,1.0,3.4594316186372973,3.4594316186372973,1,0,1,1,0,1,0,1,0,0,-1
treasure,2,2.1401819154628142e-05,15.511907043519884,8,NN,NN,0,treasur,2.0,2.4594316186372973,4.918863237274595,0,1,0,0,1,0,1,0,0,1,1
treat,11,0.0001177100053504,13.052475424882584,5,NN,NNP,0,treat,2.0,2.4594316186372973,4.918863237274595,1,1,1,1,1,1,1,1,1,1,0
tree,2,2.1401819154628142e-05,15.511907043519884,4,NN,NN,0,tree,2.0,2.4594316186372973,4.918863237274595,1,1,1,0,1,0,1,0,1,1,1
trembling,1,1.0700909577314071e-05,16.511907043519884,9,VB,VBG,0,trembl,1.0,3.4594316186372973,3.4594316186372973,0,0,0,1,0,1,0,0,0,0,-1
trick,2,2.1401819154628142e-05,15.511907043519884,5,NN,NNP,0,trick,1.0,3.4594316186372973,3.4594316186372973,0,0,0,0,0,1,0,0,1,0,-1
trophy,1,1.0700909577314071e-05,16.511907043519884,6,NN,NN,0,trophi,1.0,3.4594316186372973,3.4594316186372973,0,1,0,0,1,0,1,0,1,1,1
true,38,0.0004066345639379,11.263979530076297,4,JJ,JJ,0,true,6.0,0.874469117916141,5.246814707496846,0,0,0,0,1,0,1,0,0,1,1
truth,15,0.0001605136436597,12.605016447911364,5,NN,NN,0,truth,5.0,1.1375035237499351,5.687517618749675,0,0,0,0,0,0,1,0,0,1,1
turbulence,1,1.0700909577314071e-05,16.511907043519884,10,NN,NN,0,turbul,1.0,3.4594316186372973,3.4594316186372973,1,0,0,1,0,1,0,0,0,0,-1
turbulent,1,1.0700909577314071e-05,16.511907043519884,9,JJ,JJ,0,turbul,1.0,3.4594316186372973,3.4594316186372973,0,0,0,1,0,1,0,0,0,0,-1
ugly,6,6.420545746388443e-05,13.926944542798728,4,RB,RB,0,ugli,3.0,1.874469117916141,5.623407353748423,0,0,1,0,0,1,0,0,0,0,-1
unbearable,1,1.0700909577314071e-05,16.511907043519884,10,JJ,JJ,0,unbear,1.0,3.4594316186372973,3.4594316186372973,0,0,1,0,0,1,0,1,0,0,-1
understanding,2,2.1401819154628142e-05,15.511907043519884,13,JJ,JJ,0,understand,1.0,3.4594316186372973,3.4594316186372973,0,0,0,0,0,0,1,0,0,1,1
unfold,2,2.1401819154628142e-05,15.511907043519884,6,JJ,JJ,0,unfold,1.0,3.4594316186372973,3.4594316186372973,0,1,0,0,0,0,1,0,0,0,1
unhappy,7,7.49063670411985e-05,13.704552121462278,7,JJ,JJ,0,unhappi,1.0,3.4594316186372973,3.4594316186372973,1,0,1,0,0,1,0,1,0,0,-1
unholy,1,1.0700909577314071e-05,16.511907043519884,6,JJ,JJ,0,unholi,1.0,3.4594316186372973,3.4594316186372973,0,0,0,1,0,1,0,0,0,0,-1
united,2,2.1401819154628142e-05,15.511907043519884,6,JJ,JJ,0,unit,1.0,3.4594316186372973,3.4594316186372973,0,0,0,0,0,0,1,0,0,1,1
unknown,3,3.2102728731942213e-05,14.926944542798728,7,JJ,JJ,0,unknown,3.0,1.874469117916141,5.623407353748423,0,1,0,1,0,1,0,0,0,0,-1
uplift,1,1.0700909577314071e-05,16.511907043519884,6,NN,NN,0,uplift,1.0,3.4594316186372973,3.4594316186372973,0,1,0,0,1,0,1,0,0,1,1
upset,3,3.2102728731942213e-05,14.926944542798728,5,VB,JJ,0,upset,1.0,3.4594316186372973,3.4594316186372973,1,0,0,0,0,1,0,1,0,0,-1
urgency,1,1.0700909577314071e-05,16.511907043519884,7,NN,NN,0,urgenc,1.0,3.4594316186372973,3.4594316186372973,0,1,0,1,0,0,0,0,1,0,0
vacation,1,1.0700909577314071e-05,16.511907043519884,8,NN,NN,0,vacat,1.0,3.4594316186372973,3.4594316186372973,0,1,0,0,1,0,1,0,0,0,1
vicious,1,1.0700909577314071e-05,16.511907043519884,7,JJ,JJ,0,viciou,1.0,3.4594316186372973,3.4594316186372973,1,0,1,0,0,1,0,0,0,0,-1
villain,1,1.0700909577314071e-05,16.511907043519884,7,NN,NN,0,villain,1.0,3.4594316186372973,3.4594316186372973,0,0,0,1,0,1,0,0,0,0,-1
vision,3,3.2102728731942213e-05,14.926944542798728,6,NN,NN,0,vision,2.0,2.4594316186372973,4.918863237274595,0,1,0,0,0,0,1,0,0,0,1
wail,2,2.1401819154628142e-05,15.511907043519884,4,VB,VB,0,wail,1.0,3.4594316186372973,3.4594316186372973,0,0,0,1,0,1,0,1,0,0,-1
wait,45,0.0004815409309791,11.020053947190208,4,VB,VB,0,wait,5.0,1.1375035237499351,5.687517618749675,0,1,0,0,0,1,0,0,0,0,-1
wan,212,0.0022685928303905,8.783986588956683,3,VB,VBP,0,wan,5.0,1.1375035237499351,5.687517618749675,0,0,0,1,0,1,0,1,0,0,-1
wanting,6,6.420545746388443e-05,13.926944542798728,7,VB,VBG,0,want,2.0,2.4594316186372973,4.918863237274595,0,0,0,0,0,1,0,1,0,0,-1
war,6,6.420545746388443e-05,13.926944542798728,3,NN,NNP,0,war,4.0,1.459431618637297,5.837726474549189,0,0,0,1,0,1,0,0,0,0,-1
warn,2,2.1401819154628142e-05,15.511907043519884,4,VB,VB,0,warn,1.0,3.4594316186372973,3.4594316186372973,0,1,0,1,0,1,0,0,1,1,-1
waste,15,0.0001605136436597,12.605016447911364,5,VB,VB,0,wast,2.0,2.4594316186372973,4.918863237274595,0,0,1,0,0,1,0,0,0,0,-1
wasted,7,7.49063670411985e-05,13.704552121462278,6,VB,VBN,0,wast,2.0,2.4594316186372973,4.918863237274595,1,0,1,0,0,1,0,0,0,0,-1
wasting,1,1.0700909577314071e-05,16.511907043519884,7,VB,VBG,0,wast,1.0,3.4594316186372973,3.4594316186372973,0,0,1,1,0,1,0,1,0,0,-1
watch,30,0.0003210272873194,11.605016447911364,5,VB,VB,0,watch,6.0,0.874469117916141,5.246814707496846,0,1,0,1,0,0,0,0,0,0,0
wear,13,0.000139111824505,12.811467325378793,4,VB,VB,0,wear,4.0,1.459431618637297,5.837726474549189,0,0,0,0,0,1,0,0,0,1,-1
weeds,1,1.0700909577314071e-05,16.511907043519884,5,NN,NNS,0,weed,1.0,3.4594316186372973,3.4594316186372973,0,0,0,0,0,1,0,1,0,0,-1
weep,1,1.0700909577314071e-05,16.511907043519884,4,NN,NN,0,weep,1.0,3.4594316186372973,3.4594316186372973,0,0,0,0,0,1,0,1,0,0,-1
weight,5,5.350454788657036e-05,14.18997894863252,6,NN,NN,0,weight,4.0,1.459431618637297,5.837726474549189,0,1,1,1,1,1,1,1,1,1,0
whip,1,1.0700909577314071e-05,16.511907043519884,4,NN,NN,0,whip,1.0,3.4594316186372973,3.4594316186372973,1,0,0,0,0,1,0,0,0,0,-1
white,8,8.560727661851257e-05,13.511907043519884,5,JJ,JJ,0,white,3.0,1.874469117916141,5.623407353748423,0,1,0,0,1,0,1,0,0,1,1
wild,20,0.0002140181915462,12.18997894863252,4,JJ,JJ,0,wild,3.0,1.874469117916141,5.623407353748423,0,0,0,0,0,1,0,0,1,0,-1
wilderness,3,3.2102728731942213e-05,14.926944542798728,10,NN,NN,0,wilder,1.0,3.4594316186372973,3.4594316186372973,0,1,0,1,0,0,0,1,0,0,0
winner,1,1.0700909577314071e-05,16.511907043519884,6,NN,NN,0,winner,1.0,3.4594316186372973,3.4594316186372973,0,1,0,0,1,0,1,0,1,0,1
winning,2,2.1401819154628142e-05,15.511907043519884,7,NN,NN,0,win,2.0,2.4594316186372973,4.918863237274595,0,1,1,0,1,0,1,1,1,1,1
wonderful,4,4.2803638309256285e-05,14.511907043519884,9,JJ,JJ,0,wonder,2.0,2.4594316186372973,4.918863237274595,0,0,0,0,1,0,1,0,1,1,1
word,8,8.560727661851257e-05,13.511907043519884,4,NN,NN,0,word,2.0,2.4594316186372973,4.918863237274595,0,0,0,0,0,0,1,0,0,1,1
words,33,0.0003531300160513,11.46751292416143,5,NN,NNS,0,word,5.0,1.1375035237499351,5.687517618749675,1,0,0,0,0,1,0,0,0,0,-1
worried,1,1.0700909577314071e-05,16.511907043519884,7,VB,VBN,0,worri,1.0,3.4594316186372973,3.4594316186372973,0,0,0,0,0,1,0,1,0,0,-1
worry,2,2.1401819154628142e-05,15.511907043519884,5,VB,VBP,0,worri,2.0,2.4594316186372973,4.918863237274595,0,1,0,1,0,1,0,1,0,0,-1
worse,7,7.49063670411985e-05,13.704552121462278,5,JJ,JJR,0,wors,2.0,2.4594316186372973,4.918863237274595,0,0,0,1,0,1,0,1,0,0,-1
worthy,3,3.2102728731942213e-05,14.926944542798728,6,JJ,JJ,0,worthi,1.0,3.4594316186372973,3.4594316186372973,0,0,0,0,0,0,1,0,0,1,1
wound,6,6.420545746388443e-05,13.926944542798728,5,NN,NN,0,wound,2.0,2.4594316186372973,4.918863237274595,1,0,0,1,0,1,0,1,0,0,-1
wreck,7,7.49063670411985e-05,13.704552121462278,5,NN,NNP,0,wreck,1.0,3.4594316186372973,3.4594316186372973,1,0,1,1,0,1,0,1,1,0,-1
yearning,1,1.0700909577314071e-05,16.511907043519884,8,NN,NN,0,yearn,1.0,3.4594316186372973,3.4594316186372973,0,1,0,0,1,1,1,0,0,1,0
yell,1,1.0700909577314071e-05,16.511907043519884,4,VB,VB,0,yell,1.0,3.4594316186372973,3.4594316186372973,1,0,0,1,0,1,0,0,1,0,-1
young,50,0.0005350454788657,10.868050853745158,5,JJ,JJ,0,young,4.0,1.459431618637297,5.837726474549189,0,1,0,0,1,0,1,0,1,0,1
